recommendation_id,date,sent_at_utc,rank,direction,ticker,price,score,recommendation_confidence,opportunity_score,catalyst_score,quality_score,opening_activity,pre_market_activity,post_market_activity,swing_setup,swing_risk_reward,news_sentiment,trend,relative_strength,sector_strength,breakout,options_flow,earnings,earnings_quality,analyst_revisions,fundamental_momentum,volume_accumulation,short_squeeze,insider_buying,volatility_setup,etf_flow_exposure,institutional_ownership,pattern_trading,news_catalyst,political_geo,politician_trade,risk_quality,days_to_earnings,regime,market_breadth_regime,market_breadth_score,sentiment_confidence,catalyst_watch_score,top_drivers,top_risks,swing_entry,swing_stop,swing_target,swing_setup_type,bear_case_score,bear_case_reason
2026-06-03:AVGO:1,2026-06-03,2026-06-03T01:55:20.600117+00:00,1,BULL,AVGO,481.5700073242188,59.34625381994174,78.9199950239531,76.27623436038486,36.76215440552776,63.85264900032546,50.25740188329167,56.75323320817688,47.76078244076663,85.4235681195605,11.0,0.9,100.0,36.4184660404468,100.0,52.06704252221506,86.4636850147896,59.12959381044486,59.12959381044486,50.0,65.44892993787774,84.74962577002918,45.6995108399156,50.0,48.75,83.54648437439982,63.48689533289134,90.0,64.0,0.0,0.0,55.38801366481779,0.0,RISK_ON,BREADTH_NEUTRAL,50.3510843373494,0.9,33.06947415828853,constructive trading pattern | bullish options flow | high-quality swing setup,news sentiment is not supportive,481.57,401.4,517.24,breakout above a 55-day range on above-average volume,0.0,no strong bearish swing pattern confirmed
2026-06-03:FCX:2,2026-06-03,2026-06-03T01:55:20.600117+00:00,2,BULL,FCX,71.72000122070312,59.73841454756624,78.32981577155077,80.47024966084112,35.15280547461026,61.290286491755175,80.04623539099113,51.87110187110184,71.51273921874558,85.05721516653853,10.5,0.8,100.0,100.0,0.0,51.09132339859792,72.23891077313456,52.5,52.5,50.0,52.22692775068421,90.65304881115868,41.58086022071293,50.0,65.5644053772243,78.50855409211118,62.29701455105609,85.5,48.0,0.0,0.0,59.48243367043654,,RISK_ON,BREADTH_NEUTRAL,50.3510843373494,0.85,36.90913233985979,accumulation on volume | constructive trading pattern | high-quality swing setup,news sentiment is not supportive,71.72,57.56,77.61,breakout above a 55-day range on above-average volume,0.0,no strong bearish swing pattern confirmed
2026-06-03:CIEN:3,2026-06-03,2026-06-03T01:55:20.600117+00:00,3,BULL,CIEN,627.0,60.08605499463911,77.83009352307447,75.79933544629051,39.18001478818578,64.15497230382586,85.38866053817988,53.53043478260864,56.25722023375147,87.27298766542108,13.5,0.8,100.0,40.46509173627939,0.0,50.70001576450989,61.633597954620924,72.5,72.5,50.0,81.06834915546496,74.54206704059615,45.88016267004358,50.0,70.08356148232632,78.50855409211118,62.40072221512528,85.5,100.0,0.0,0.0,44.4048003420305,1.0,RISK_ON,BREADTH_NEUTRAL,50.3510843373494,0.8,46.1397653368929,high-quality swing setup | constructive trading pattern | strong opening activity,volatility/risk quality is weak | news sentiment is not supportive,627.0,489.76,701.04,breakout above a 55-day range on above-average volume,0.0,no strong bearish swing pattern confirmed
2026-06-03:ADI:4,2026-06-03,2026-06-03T01:55:20.600117+00:00,4,BULL,ADI,423.2000122070313,57.345098781284186,76.02343144315684,70.09875898836118,34.05078079667207,69.40235952357659,60.00219740354524,61.20557192876396,68.65784499054824,81.06128655641045,18.75,0.7,100.0,-7.2662725893749,0.0,40.32871489398421,80.68497047854254,45.32774312301871,45.32774312301871,50.0,82.41624380116525,61.878243829151415,39.75310251735539,52.5,54.75,78.50855409211118,62.55785735391075,90.0,100.0,0.0,0.0,58.718932224010665,,RISK_ON,BREADTH_NEUTRAL,50.3510843373494,0.7,37.94293060099219,constructive trading pattern | improving fundamentals | high-quality swing setup,news sentiment is not supportive,423.2,375.73,458.75,pullback buy near rising 20-day support,74.0,price is making lower highs and lower lows.
2026-06-03:NVDA:5,2026-06-03,2026-06-03T01:55:20.600117+00:00,5,BULL,NVDA,222.82000732421875,64.4163012885874,74.80848627372113,73.69648182357915,48.256112532228855,73.60302656123689,65.1733114955714,47.47651299978152,36.39780989139219,84.55987676072203,25.75,50.0,100.0,19.619243295287465,100.0,37.70923877597144,100.0,44.34103336681174,44.34103336681174,50.0,98.55386260358192,47.425035529103305,39.63517112089395,50.0,36.5,83.54648437439982,63.80253421263462,77.0,56.0,20.0,0.0,62.567463951266106,,RISK_ON,BREADTH_NEUTRAL,50.3510843373494,0.0,31.313810371890263,bullish options flow | improving fundamentals | high-quality swing setup,no major model risk flagged,222.82,206.7,239.5,pullback buy near rising 20-day support,74.0,price is making lower highs and lower lows.
2026-06-03:AMD:6,2026-06-03,2026-06-03T01:55:20.600117+00:00,6,BULL,AMD,521.5399780273438,57.68275067749483,73.60388562892305,74.86320234704466,33.432764166681814,63.83437222941664,50.44232467253951,51.77908385124,65.72894890686273,79.25366697782029,10.25,0.7,100.0,100.0,100.0,31.73500158977135,69.9160270570847,44.78812911121311,44.78812911121311,50.0,82.49287749698689,70.42870606124319,35.90914761107378,50.0,38.0,83.54648437439982,63.0566067259608,89.0,96.0,20.0,0.0,41.83073896264104,,RISK_ON,BREADTH_NEUTRAL,50.3510843373494,0.75,56.77350015897713,constructive trading pattern | supportive sector ETF flow proxy | improving fundamentals,volatility/risk quality is weak | news sentiment is not supportive,521.54,386.43,577.01,trend continuation after a shallow consolidation,0.0,no strong bearish swing pattern confirmed
2026-06-03:AAPL:7,2026-06-03,2026-06-03T01:55:20.600117+00:00,7,BULL,AAPL,315.20001220703125,63.27304743683082,71.8732747030004,76.06445079405806,47.61909599552981,64.85759054333917,50.0429121829356,50.75315444556754,51.72524136649058,79.98976288571174,14.000000000000002,50.0,100.0,28.130246126970736,100.0,50.654718512039445,93.4741919215075,41.086300543150266,41.086300543150266,50.0,62.16633614749301,82.28820723200893,41.637454864527385,50.0,59.261810380230095,78.47060052930284,63.7231512740844,85.33333333333333,40.0,0.0,0.0,62.39719197627839,,RISK_ON,BREADTH_NEUTRAL,50.3510843373494,0.0,23.285008770249554,bullish options flow | constructive trading pattern | accumulation on volume,no major model risk flagged,315.2,294.93,326.53,trend continuation after a shallow consolidation,0.0,no strong bearish swing pattern confirmed
2026-06-03:VLO:8,2026-06-03,2026-06-03T01:55:20.600117+00:00,8,BULL,VLO,258.260009765625,61.43164475044876,71.70127960192788,69.33443509262635,49.465251793544056,64.19733194240948,55.565303681512816,46.98412069853089,49.15217174588504,80.38383597959528,16.25,50.0,100.0,-26.0845037402036,0.0,42.33990940573515,92.79085875757409,52.5,52.5,50.0,56.223023548979256,65.45176665429076,34.74276972898463,52.5,65.09197081721622,78.50855409211118,62.21880102777718,83.33333333333333,80.0,0.0,0.0,65.28119973656173,,RISK_ON,BREADTH_NEUTRAL,50.3510843373494,0.0,28.321315379542977,bullish options flow | constructive trading pattern | high-quality swing setup,no major model risk flagged,258.26,231.02,275.92,trend continuation after a shallow consolidation,0.0,no strong bearish swing pattern confirmed
2026-06-03:AMAT:9,2026-06-03,2026-06-03T01:55:20.600117+00:00,9,BULL,AMAT,490.0499877929688,62.27440258845351,70.96948149536502,75.7848925390017,48.61367049589091,58.61308787216934,70.91395992159126,55.99890410958906,40.199325029030376,85.40658761541279,10.25,50.0,100.0,85.1354648097194,0.0,44.88052502401187,61.538119692280034,45.239917574330285,45.239917574330285,50.0,51.009080902244776,92.19483632688144,44.2705403061394,50.0,57.25,78.50855409211118,62.78627620479002,82.0,80.0,0.0,0.0,51.684634551385976,,RISK_ON,BREADTH_NEUTRAL,50.3510843373494,0.0,45.2583722238591,accumulation on volume | high-quality swing setup | constructive trading pattern,no major model risk flagged,490.05,391.8,530.67,breakout above a 55-day range on above-average volume,0.0,no strong bearish swing pattern confirmed
2026-06-03:TER:10,2026-06-03,2026-06-03T01:55:20.600117+00:00,10,BULL,TER,392.6199951171875,62.73882887443168,70.96216931741841,71.3497215795914,49.91817624512174,66.41388341987424,64.51590636075127,61.61652748581152,37.44792674851,80.70457259309953,12.0,50.0,100.0,40.28562886745508,0.0,41.91170384968934,74.29793805962798,52.5,52.5,50.0,90.25610596378468,67.41150448328284,39.72493869633925,52.5,54.68680572913683,78.50855409211118,62.10076629019717,79.33333333333333,48.0,0.0,0.0,48.73535925599139,,RISK_ON,BREADTH_NEUTRAL,50.3510843373494,0.0,27.0340147150872,improving fundamentals | high-quality swing setup | constructive trading pattern,no major model risk flagged,392.62,304.0,434.93,trend continuation after a shallow consolidation,0.0,no strong bearish swing pattern confirmed
2026-06-03:CSCO:11,2026-06-03,2026-06-03T01:55:20.600117+00:00,11,BULL,CSCO,128.0,63.437170527589295,68.68211351622607,79.77939092431576,47.51994053935301,59.35058281748995,78.17112769238696,53.72770805812411,72.62499999999991,77.18121281787126,15.75,50.0,100.0,100.0,0.0,30.79301366407149,98.57083781887678,40.388294346055496,40.388294346055496,50.0,56.90687714975262,83.40092983055428,41.94275724077211,50.0,39.0,78.50855409211118,62.88036087856947,85.33333333333333,48.0,0.0,0.0,45.29219150543212,,RISK_ON,BREADTH_NEUTRAL,50.3510843373494,0.0,34.87930136640715,bullish options flow | constructive trading pattern | accumulation on volume,no major model risk flagged,128.0,112.34,137.82,trend continuation after a shallow consolidation,0.0,no strong bearish swing pattern confirmed
2026-06-03:GLW:12,2026-06-03,2026-06-03T01:55:20.600117+00:00,12,BULL,GLW,200.3999938964844,63.26168034109787,68.49262105040813,79.4602597583419,47.42579579049183,59.19636473599418,86.8095984007805,56.55524861878447,62.81980445357226,78.4711339496964,18.5,50.0,100.0,85.66980572670187,0.0,37.24036330593351,99.75243605932955,40.45924225028702,40.45924225028702,50.0,57.39596988148553,67.86223863434861,40.76526919483608,50.0,46.5,78.50855409211118,62.454821380188434,90.0,56.0,0.0,0.0,41.11215154151465,,RISK_ON,BREADTH_NEUTRAL,50.3510843373494,0.0,36.17450718959863,bullish options flow | constructive trading pattern | strong opening activity,volatility/risk quality is weak,200.4,166.39,225.64,no clear swing entry pattern,74.0,price is making lower highs and lower lows.
2026-06-03:MU:13,2026-06-03,2026-06-03T01:55:20.600117+00:00,13,BULL,MU,1064.0999755859375,63.1439482232714,67.66872167237256,75.96424222481413,50.79078245611976,58.83700816568653,57.16722166040918,59.40764505653585,35.566018231369284,79.57723022523109,7.5,50.0,100.0,100.0,100.0,35.20320450689189,68.98151170414755,60.5,60.5,50.0,80.0,80.71130197431461,37.69860701731739,50.0,39.75,83.54648437439982,63.24507797133796,85.33333333333333,40.0,0.0,0.0,27.694027674548444,21.0,RISK_ON,BREADTH_NEUTRAL,50.3510843373494,0.0,32.52032045068919,constructive trading pattern | supportive sector ETF flow proxy | accumulation on volume,volatility/risk quality is weak,1064.1,636.44,1190.29,earnings-style momentum gap is holding for a second-wave swing,0.0,no strong bearish swing pattern confirmed
2026-06-03:RBRK:14,2026-06-03,2026-06-03T01:55:20.600117+00:00,14,BULL,RBRK,82.33000183105469,63.01852889739515,67.45787217385576,72.28984254026541,55.5506655907587,56.31031549864744,38.68439684827676,41.17926771279123,47.73823963613067,76.39048858528034,10.75,50.0,100.0,100.0,0.0,42.76554865822828,84.3690213130269,72.5,72.5,50.0,66.5098348465622,99.52603780482886,61.68232149834575,52.5,39.55693487975281,78.50855409211118,61.42400652304886,75.0,48.0,0.0,0.0,33.02151029574398,1.0,RISK_ON,BREADTH_NEUTRAL,50.3510843373494,0.0,36.07655486582283,accumulation on volume | bullish options flow | supportive sector ETF flow proxy,volatility/risk quality is weak,82.33,62.21,91.05,price is pulling back toward an anchored VWAP support area,0.0,no strong bearish swing pattern confirmed
2026-06-03:CRWD:15,2026-06-03,2026-06-03T01:55:20.600117+00:00,15,BULL,CRWD,768.9500122070312,62.057726956857024,67.27651230178023,72.59943817144516,51.52076406267332,58.01684111554162,44.09904903851847,40.61896002094159,42.51761492944917,75.03479515760122,10.5,50.0,100.0,100.0,100.0,46.67153482587117,62.28210837559347,59.65299403861555,59.65299403861555,50.0,59.263270141325,97.7648332243508,44.9224166121754,50.0,28.75,78.47060052930284,62.48332907745726,89.0,88.0,20.0,0.0,39.43006503881381,0.0,RISK_ON,BREADTH_NEUTRAL,50.3510843373494,0.0,55.46715348258712,accumulation on volume | constructive trading pattern | supportive sector ETF flow proxy,volatility/risk quality is weak,768.95,604.58,838.65,price is pulling back toward an anchored VWAP support area,0.0,no strong bearish swing pattern confirmed
2026-06-03:NVDA:1,2026-06-03,2026-06-03T13:46:33.295664+00:00,1,BULL,NVDA,221.8500061035156,57.08978331831996,76.73929402978186,68.7222391041654,33.28064078595619,74.16936177852796,35.7596318079365,48.72090060675832,36.39780989139219,84.98933998787697,26.5,0.2,100.0,28.325111994304265,100.0,27.8718169272758,100.0,44.34103336681174,44.34103336681174,50.0,98.55386260358192,26.449806164141314,34.87998191189456,52.5,49.0,72.70589687963005,63.79645725349958,77.0,64.0,0.0,0.0,63.90399859359157,,RISK_ON,BREADTH_NEUTRAL,46.80675241157556,0.65,29.435948491873216,bullish options flow | improving fundamentals | high-quality swing setup,news sentiment is not supportive,221.85,206.79,237.75,pullback buy near rising 20-day support,74.0,price is making lower highs and lower lows.
2026-06-03:CIEN:2,2026-06-03,2026-06-03T13:46:33.295664+00:00,2,BULL,CIEN,627.8800048828125,55.869381977351175,76.72337550569168,64.13954922007757,39.0555906320171,65.98090014023113,43.88876693663394,47.22222222222223,54.80770583984389,83.95842874509489,18.0,0.9,100.0,40.122339681597,0.0,38.0651858296809,45.094937016158845,72.5,72.5,50.0,81.06834915546496,51.28381562832879,39.81149695218815,52.5,64.61390398878584,71.156966659056,62.39926983107371,89.0,100.0,0.0,0.0,47.10123876442012,1.0,RISK_ON,BREADTH_NEUTRAL,46.80675241157556,0.95,44.82486953520764,constructive trading pattern | high-quality swing setup | improving fundamentals,news sentiment is not supportive,627.88,530.81,697.99,price is pulling back toward an anchored VWAP support area,0.0,no strong bearish swing pattern confirmed
2026-06-03:AAPL:3,2026-06-03,2026-06-03T13:46:33.295664+00:00,3,BULL,AAPL,314.4649963378906,57.18563156973561,76.6053523425154,73.14369255658373,32.63973905679699,68.03263751990276,43.9815239812028,49.91049363057322,48.166964019791806,78.79991270543327,14.75,0.7,100.0,17.615903356841432,100.0,43.72545122441248,93.4741919215075,41.086300543150266,41.086300543150266,50.0,62.16633614749301,70.16697521885983,37.089528538466354,50.0,58.43492305663008,68.91108074643468,63.72437184327674,89.0,56.0,0.0,0.0,72.54866916417848,,RISK_ON,BREADTH_NEUTRAL,46.80675241157556,0.8,26.61493062596746,bullish options flow | constructive trading pattern | high-quality swing setup,news sentiment is not supportive,314.46,296.77,324.91,trend continuation after a shallow consolidation,0.0,no strong bearish swing pattern confirmed
2026-06-03:FCX:4,2026-06-03,2026-06-03T13:46:33.295664+00:00,4,BULL,FCX,71.1500015258789,55.40215902806128,75.76962625510028,69.49392172136142,34.5685400623734,62.12697201341138,40.86624315886674,48.88116747741486,71.51273921874558,81.34774714566657,10.75,0.8,100.0,80.58619948117091,0.0,38.39500777624248,66.2764757955567,52.5,52.5,50.0,52.22692775068421,63.4755857804314,35.15394068610745,50.0,60.52405313739734,71.156966659056,62.28905501830019,89.0,48.0,0.0,0.0,60.99367333946473,,RISK_ON,BREADTH_NEUTRAL,46.80675241157556,0.9,32.72743069979988,constructive trading pattern | high-quality swing setup | bullish post-market activity,news sentiment is not supportive,71.15,58.11,76.74,trend continuation after a shallow consolidation,0.0,no strong bearish swing pattern confirmed
2026-06-03:VLO:5,2026-06-03,2026-06-03T13:46:33.295664+00:00,5,BULL,VLO,258.5968933105469,54.81135087192085,75.38909868745188,66.27219845472054,34.43833251379663,65.03881015934013,33.87740875793425,50.53674807345786,48.22753372537299,80.73343201837541,15.25,0.8,100.0,-23.60122837613926,0.0,33.769458859963976,92.67880380832722,52.5,52.5,50.0,56.223023548979256,63.25763630932565,29.346657651762964,52.5,67.58057643360073,71.156966659056,62.217498142269335,89.0,80.0,0.0,0.0,66.55446435738375,,RISK_ON,BREADTH_NEUTRAL,46.80675241157556,0.8,27.83676162957551,bullish options flow | constructive trading pattern | high-quality swing setup,news sentiment is not supportive,258.6,231.12,275.5,trend continuation after a shallow consolidation,0.0,no strong bearish swing pattern confirmed
2026-06-03:PANW:6,2026-06-03,2026-06-03T13:46:33.295664+00:00,6,BULL,PANW,281.30010986328125,55.875867986507565,73.79908409859331,72.92708545589468,33.74664229973624,59.92580135482466,47.36789714389912,45.38068058846704,26.64265699264919,79.51002926065587,14.499999999999998,0.0,100.0,100.0,100.0,28.02220962447388,71.702444173921,44.78303747534516,44.78303747534516,50.0,63.41679189983605,76.0923792319254,44.14699034640829,50.0,34.75,68.91108074643468,62.57409587473048,83.0,80.0,0.0,0.0,43.348218882876985,,RISK_ON,BREADTH_NEUTRAL,46.80675241157556,0.95,45.802220962447386,constructive trading pattern | high-quality swing setup | accumulation on volume,volatility/risk quality is weak | news sentiment is not supportive,281.3,231.65,310.2,trend continuation after a shallow consolidation,0.0,no strong bearish swing pattern confirmed
2026-06-03:AMAT:7,2026-06-03,2026-06-03T13:46:33.295664+00:00,7,BULL,AMAT,489.0,54.15327131981035,73.79801551178649,68.47686802526869,33.55865858114405,59.42967003247039,57.51521172836296,48.3936766955635,40.189574753065386,81.61787270704232,13.5,0.9,100.0,59.71228360615971,0.0,33.83123023122179,61.26438811931694,45.239917574330285,45.239917574330285,50.0,51.009080902244776,69.34017630748181,38.240409243924056,50.0,43.25,71.156966659056,62.79285028841761,89.0,80.0,0.0,0.0,50.02919343440654,,RISK_ON,BREADTH_NEUTRAL,46.80675241157556,0.9,40.33996556404614,constructive trading pattern | high-quality swing setup | supportive sector ETF flow proxy,news sentiment is not supportive,489.0,410.03,531.46,trend continuation after a shallow consolidation,0.0,no strong bearish swing pattern confirmed
2026-06-03:AMD:8,2026-06-03,2026-06-03T13:46:33.295664+00:00,8,BULL,AMD,537.1900024414062,56.95372785354674,73.73540354793468,73.72453749677645,33.46012707933168,64.4209612541854,40.89594589047552,60.65523103075263,65.72894890686273,78.7503296743684,11.5,0.75,100.0,100.0,100.0,26.61423956757981,69.5797839683281,44.78812911121311,44.78812911121311,50.0,82.49287749698689,61.20799645108343,33.547639650222294,50.0,51.75,72.70589687963005,63.07171955022735,85.33333333333333,80.0,40.0,0.0,44.38192817873589,,RISK_ON,BREADTH_NEUTRAL,46.80675241157556,0.85,55.66142395675798,constructive trading pattern | improving fundamentals | high-quality swing setup,volatility/risk quality is weak | news sentiment is not supportive,537.19,419.32,591.06,trend continuation after a shallow consolidation,0.0,no strong bearish swing pattern confirmed
2026-06-03:TER:9,2026-06-03,2026-06-03T13:46:33.295664+00:00,9,BULL,TER,409.5950012207031,56.59342919541117,73.18828249625412,69.86343547339597,34.67483681810341,67.25065446157288,61.20688762126893,55.20090027877951,37.44792674851,80.39676316527789,11.75,0.6,100.0,37.53970489469099,0.0,38.3723921803935,71.5322064369831,52.5,52.5,50.0,90.25610596378468,61.25249737781035,36.97320499913748,50.0,62.2220263654004,71.156966659056,62.114613139116216,81.33333333333333,32.0,0.0,0.0,50.59642968827811,,RISK_ON,BREADTH_NEUTRAL,46.80675241157556,0.65,20.668194952243,improving fundamentals | constructive trading pattern | high-quality swing setup,news sentiment is not supportive,409.6,319.07,451.92,trend continuation after a shallow consolidation,0.0,no strong bearish swing pattern confirmed
2026-06-03:MS:10,2026-06-03,2026-06-03T13:46:33.295664+00:00,10,BULL,MS,212.4499969482422,54.61085382689908,72.79308529918586,69.58988060825301,33.39842145299191,60.05022552195776,47.30077006515705,46.631785480706334,50.53767939143847,80.87227463954764,9.75,0.0,100.0,25.115855490820348,0.0,38.98661906631061,85.31680485118589,50.92426104391696,50.92426104391696,50.0,45.03188492865746,72.7843320327899,28.03411389507708,50.0,54.586612896391244,71.156966659056,62.88204088716376,89.0,64.0,0.0,0.0,59.47175159624748,42.0,RISK_ON,BREADTH_NEUTRAL,46.80675241157556,0.7,30.06604023025412,constructive trading pattern | bullish options flow | high-quality swing setup,news sentiment is not supportive,212.45,188.95,221.57,trend continuation after a shallow consolidation,0.0,no strong bearish swing pattern confirmed
2026-06-03:AVGO:11,2026-06-03,2026-06-03T13:46:33.295664+00:00,11,BULL,AVGO,491.6499938964844,56.44435297438532,72.67521406629629,71.17341611608558,36.40551935835915,61.18411278628928,38.67982325612775,47.687797433786486,47.76078244076663,78.87683422290571,10.25,0.7,100.0,39.03890737079558,100.0,36.30588363427786,86.56104208700827,59.12959381044486,59.12959381044486,50.0,65.44892993787774,61.89531909051619,38.051525321060936,52.5,50.0,72.70589687963005,63.48430174928959,85.33333333333333,40.0,0.0,0.0,47.15646449089025,0.0,RISK_ON,BREADTH_NEUTRAL,46.80675241157556,0.75,23.48642446904712,bullish options flow | constructive trading pattern | high-quality swing setup,news sentiment is not supportive,491.65,405.77,527.17,trend continuation after a shallow consolidation,0.0,no strong bearish swing pattern confirmed
2026-06-03:CRWD:12,2026-06-03,2026-06-03T13:46:33.295664+00:00,12,BULL,CRWD,764.0599975585938,55.71791345239462,72.12372214777265,70.5237429228904,36.48513729107045,58.549511882182536,38.53727920721352,51.525204145728665,42.51761492944917,75.66931373379558,10.5,0.9,100.0,100.0,100.0,33.88514820185493,60.763123599361535,59.65299403861555,59.65299403861555,50.0,59.263270141325,75.16756470335248,39.10552212454384,50.0,33.25,68.91108074643468,62.47198935101934,89.0,40.0,20.0,0.0,41.075168278845496,0.0,RISK_ON,BREADTH_NEUTRAL,46.80675241157556,0.9,37.38851482018549,constructive trading pattern | high-quality swing setup | accumulation on volume,volatility/risk quality is weak | news sentiment is not supportive,764.06,605.78,830.32,price is pulling back toward an anchored VWAP support area,0.0,no strong bearish swing pattern confirmed
2026-06-03:FTNT:13,2026-06-03,2026-06-03T13:46:33.295664+00:00,13,BULL,FTNT,144.78480529785156,53.5605665990028,71.60524351962505,64.49702889509888,35.252451601281905,60.466727120988594,39.68815231863581,41.838415207980354,37.88247934994294,78.47302032602464,13.5,0.0,100.0,100.0,0.0,19.81717836126542,39.80732743667893,52.5,52.5,50.0,61.91420664650136,74.91717143067355,40.901967614101046,52.5,36.5,71.156966659056,62.22281921252647,89.0,80.0,0.0,0.0,44.78869233524759,,RISK_ON,BREADTH_NEUTRAL,46.80675241157556,0.8,44.98171783612654,constructive trading pattern | high-quality swing setup | accumulation on volume,volatility/risk quality is weak | news sentiment is not supportive,144.78,123.92,156.06,trend continuation after a shallow consolidation,0.0,no strong bearish swing pattern confirmed
2026-06-03:GEN:14,2026-06-03,2026-06-03T13:46:33.295664+00:00,14,BULL,GEN,27.11000061035156,53.88803826161922,71.13149234838117,66.12552050013474,33.87255315105599,61.66904741315328,39.00618234771815,48.470038480685176,46.80348710497641,77.41236021987459,11.75,0.7,100.0,100.0,0.0,20.792199229054447,52.57722725141411,42.00974421437272,42.00974421437272,50.0,68.26861718816559,72.53474389517903,44.42859623287051,52.5,35.0,71.156966659056,61.63164441106802,75.0,88.0,0.0,0.0,51.13309808100551,,RISK_ON,BREADTH_NEUTRAL,46.80675241157556,0.7,47.87921992290544,high-quality swing setup | constructive trading pattern | accumulation on volume,news sentiment is not supportive,27.11,23.46,28.81,trend continuation after a shallow consolidation,0.0,no strong bearish swing pattern confirmed
2026-06-03:MU:15,2026-06-03,2026-06-03T13:46:33.295664+00:00,15,BULL,MU,1085.52001953125,55.65955258599895,70.48873369956418,69.49077166944551,36.69163212524462,59.70404128392797,21.9470597896347,55.89928396457505,35.566018231369284,76.82071277022294,7.75,0.7,100.0,100.0,100.0,28.002939826384537,67.80218865318906,60.5,60.5,50.0,80.0,70.92500201319305,33.45795337769081,52.5,43.0,72.70589687963005,63.24295157491292,85.33333333333333,88.0,40.0,0.0,30.112760301284887,21.0,RISK_ON,BREADTH_NEUTRAL,46.80675241157556,0.8,58.60029398263845,constructive trading pattern | improving fundamentals | high-quality swing setup,volatility/risk quality is weak | news sentiment is not supportive,1085.52,685.35,1208.0,trend continuation after a shallow consolidation,0.0,no strong bearish swing pattern confirmed
2026-06-04:AAPL:1,2026-06-04,2026-06-04T13:04:10.098470+00:00,1,BULL,AAPL,310.260009765625,57.6622615312828,78.57739688417229,73.14311685672105,32.98324966012196,69.70727477907054,37.79390711955478,50.615684769398,47.643012800370805,78.48722697268283,21.0,0.8,100.0,12.90425154073066,100.0,51.59172911808588,98.91958754968414,41.086300543150266,41.086300543150266,50.0,62.16633614749301,76.05347978524429,41.39315283382989,50.0,54.61576460417661,77.24213134977728,63.7169082884161,83.0,48.0,0.0,0.0,78.52715755513151,,RISK_ON,BREADTH_NEUTRAL,47.42604651162792,0.9,23.894810642918184,bullish options flow | constructive trading pattern | high-quality swing setup,news sentiment is not supportive,310.26,296.65,321.69,pullback buy near rising 20-day support,0.0,no strong bearish swing pattern confirmed
2026-06-04:ASML:2,2026-06-04,2026-06-04T13:04:10.098470+00:00,2,BULL,ASML,1726.3599853515625,53.65375290840715,75.7287952962294,64.86578743134996,33.50280079766366,63.24084366839374,28.96244972897358,44.1126070991432,31.580465075106268,85.08948864760262,12.25,0.8,100.0,64.73238034887768,0.0,43.79208461922857,47.44557964238573,47.12573414838787,47.12573414838787,50.0,63.04539926056418,79.1837550812171,35.07196448260468,50.0,56.01301855247358,79.1244644239384,62.33305428729974,85.33333333333333,88.0,0.0,0.0,56.745363196941724,41.0,RISK_ON,BREADTH_NEUTRAL,47.42604651162792,0.9,44.8890655142545,constructive trading pattern | high-quality swing setup | accumulation on volume,news sentiment is not supportive,1726.36,1477.03,1848.66,breakout above a 20-day range on above-average volume,0.0,no strong bearish swing pattern confirmed
2026-06-04:AVGO:3,2026-06-04,2026-06-04T13:04:10.098470+00:00,3,BULL,AVGO,479.2300109863281,55.19318626980462,75.16363438901094,68.92664403341985,33.57214331154438,63.71016202246749,26.29579858434373,33.58212441890345,20.5,81.36164657087022,12.5,0.0,100.0,27.20147294178226,100.0,56.75389149529946,84.9628087534306,39.76285877831384,39.76285877831384,50.0,65.44892993787774,84.74563846200626,48.77041234125996,52.5,38.5,85.25708723273752,63.48497029743515,89.0,80.0,0.0,0.0,54.252022506705394,,RISK_ON,BREADTH_NEUTRAL,47.42604651162792,0.9,37.75561009079729,constructive trading pattern | supportive sector ETF flow proxy | bullish options flow,earnings quality is soft | news sentiment is not supportive,479.23,405.61,516.03,trend continuation after a shallow consolidation,0.0,no strong bearish swing pattern confirmed
2026-06-04:GS:4,2026-06-04,2026-06-04T13:04:10.098470+00:00,4,BULL,GS,1041.02001953125,56.02626230951286,74.34398415624324,71.54281668513298,33.89836275328984,62.72635605745617,35.38559748774162,50.95287709395761,48.59318352996306,81.72350076148405,12.75,0.6,100.0,35.46657518598478,0.0,47.46920161503231,96.14204298389842,43.31186644218656,43.31186644218656,50.0,50.82114902587736,96.8197997297134,47.68939357990593,50.0,42.29014675614555,79.1244644239384,62.70641109605808,89.0,56.0,0.0,0.0,63.38460806928654,40.0,RISK_ON,BREADTH_NEUTRAL,47.42604651162792,0.7,29.666906439400947,accumulation on volume | bullish options flow | constructive trading pattern,news sentiment is not supportive,1041.02,929.21,1098.31,trend continuation after a shallow consolidation,0.0,no strong bearish swing pattern confirmed
2026-06-04:AMAT:5,2026-06-04,2026-06-04T13:04:10.098470+00:00,5,BULL,AMAT,500.7699890136719,53.988618408344685,73.75335024975011,67.6473636574968,33.956766532286714,59.25297273673408,37.25694864048339,45.502517623363545,37.42007801026837,80.78669131549475,11.25,0.8,100.0,76.74870698545728,0.0,45.01535145748284,51.91704398754428,45.239917574330285,45.239917574330285,50.0,51.009080902244776,91.29254008921382,43.83305326058981,50.0,49.25,79.1244644239384,62.79482830392363,85.33333333333333,88.0,0.0,0.0,52.10371747550337,,RISK_ON,BREADTH_NEUTRAL,47.42604651162792,0.9,46.81384119356687,accumulation on volume | constructive trading pattern | high-quality swing setup,news sentiment is not supportive,500.77,410.21,541.78,price is pulling back toward an anchored VWAP support area,0.0,no strong bearish swing pattern confirmed
2026-06-04:WDC:6,2026-06-04,2026-06-04T13:04:10.098470+00:00,6,BULL,WDC,594.1099853515625,55.776715601314336,73.61787820684316,66.55981514714269,36.65780455911162,65.36985204775846,34.750416544689934,42.94315840736292,30.83045227314809,79.47862227062646,10.25,0.9,100.0,100.0,0.0,47.35698534840286,57.35423134828011,52.5,52.5,50.0,97.46838111904282,67.86551487093634,54.41168788655013,52.5,53.25,79.1244644239384,62.68591460302291,85.33333333333333,40.0,0.0,0.0,35.884472489849394,,RISK_ON,BREADTH_NEUTRAL,47.42604651162792,0.9,33.73569853484029,improving fundamentals | constructive trading pattern | high-quality swing setup,volatility/risk quality is weak | news sentiment is not supportive,594.11,448.82,652.98,breakout above a 20-day range on above-average volume,0.0,no strong bearish swing pattern confirmed
2026-06-04:TROW:7,2026-06-04,2026-06-04T13:04:10.098470+00:00,7,BULL,TROW,104.01000213623048,53.03728836639073,73.3262261823788,57.62997698156367,35.59471631070099,69.1603370976223,39.81441747108859,51.33804836089075,38.0,75.00521811217955,23.25,0.4,100.0,-33.96535368294551,0.0,47.03748590368219,24.409459261382672,44.96938392968717,44.96938392968717,50.0,59.91199077791661,65.09854420127917,59.35637840357909,52.5,66.2733933248412,79.1244644239384,61.75113274436633,80.66666666666667,96.0,0.0,0.0,79.11681863717054,,RISK_ON,BREADTH_NEUTRAL,47.42604651162792,0.6,33.20894553792639,constructive trading pattern | supportive sector ETF flow proxy | high-quality swing setup,news sentiment is not supportive,104.01,100.04,107.7,pullback buy near rising 20-day support,0.0,no strong bearish swing pattern confirmed
2026-06-04:PANW:8,2026-06-04,2026-06-04T13:04:10.098470+00:00,8,BULL,PANW,280.42999267578125,56.6489550463249,72.55986038152143,74.40993074582589,34.55013208134386,59.68177381120924,39.207011594837,52.64165390505355,26.74399433392285,79.80383436201575,15.25,0.7,100.0,100.0,100.0,42.98120719129676,72.06125972114997,44.78303747534516,44.78303747534516,50.0,63.41679189983605,100.0,51.60733983943696,50.0,31.0,77.24213134977728,62.57639263651183,83.0,88.0,0.0,0.0,42.07821578321342,,RISK_ON,BREADTH_NEUTRAL,47.42604651162792,0.8,50.09812071912968,accumulation on volume | constructive trading pattern | high-quality swing setup,volatility/risk quality is weak | news sentiment is not supportive,280.43,231.55,310.09,trend continuation after a shallow consolidation,0.0,no strong bearish swing pattern confirmed
2026-06-04:VLO:9,2026-06-04,2026-06-04T13:04:10.098470+00:00,9,BULL,VLO,261.45001220703125,55.48977684072146,71.75835989562687,67.98693227166426,34.782538194517244,64.71941941492146,37.85327022375215,46.72021419009371,45.2071130497672,81.64739176980954,14.499999999999998,0.2,100.0,-15.252301929735314,0.0,43.208278375107504,91.18045902412588,52.5,52.5,50.0,56.223023548979256,75.53617669282892,36.04736126174785,52.5,63.43487488094805,79.1244644239384,62.22365269580055,89.0,72.0,0.0,0.0,65.72256660565358,,RISK_ON,BREADTH_NEUTRAL,47.42604651162792,0.4,27.23298254805045,bullish options flow | constructive trading pattern | high-quality swing setup,news sentiment is not supportive,261.45,231.03,279.05,trend continuation after a shallow consolidation,0.0,no strong bearish swing pattern confirmed
2026-06-04:CRWD:10,2026-06-04,2026-06-04T13:04:10.098470+00:00,10,BULL,CRWD,747.6099853515625,55.62150584658215,71.59580508348556,73.68405615944987,33.23307312518986,58.11966151192305,38.52097505668935,55.26100529100529,19.86859315589353,76.2422372372506,12.25,0.0,100.0,100.0,100.0,47.23482473830276,69.8213620128331,41.04721660848797,41.04721660848797,50.0,59.263270141325,100.0,46.84162137831522,50.0,33.75,77.24213134977728,62.47220613396156,89.0,64.0,0.0,0.0,38.59795521895049,,RISK_ON,BREADTH_NEUTRAL,47.42604651162792,0.9,42.12348247383027,accumulation on volume | constructive trading pattern | supportive sector ETF flow proxy,volatility/risk quality is weak | news sentiment is not supportive,747.61,605.41,816.86,trend continuation after a shallow consolidation,0.0,no strong bearish swing pattern confirmed
2026-06-04:IOT:11,2026-06-04,2026-06-04T13:04:10.098470+00:00,11,BULL,IOT,36.34000015258789,56.13215710523608,70.72777347453805,68.53004938625448,41.64913086812542,54.964328608147376,40.61912751677863,59.200223713646594,35.857449301619496,77.06496582241331,13.25,0.7,100.0,63.23081555311365,0.0,32.28334688619055,66.17111115758443,72.5,72.5,50.0,53.44705944477473,90.16388641316598,70.16060805790318,52.5,39.25726155193174,79.1244644239384,61.65943942684154,75.0,48.0,0.0,0.0,37.39047987400792,0.0,RISK_ON,BREADTH_NEUTRAL,47.42604651162792,0.75,29.512957021586104,accumulation on volume | supportive sector ETF flow proxy | high-quality swing setup,volatility/risk quality is weak | news sentiment is not supportive,36.34,28.27,40.59,trend continuation after a shallow consolidation,0.0,no strong bearish swing pattern confirmed
2026-06-04:AMD:12,2026-06-04,2026-06-04T13:04:10.098470+00:00,12,BULL,AMD,542.52001953125,56.334382738979386,70.71523102276853,72.41960350068318,33.05168697470093,64.21426389010651,32.6670729870668,45.11097723978232,14.331565662740903,78.0673593676535,11.25,0.2,100.0,100.0,100.0,33.161478370423666,83.7660013240489,44.78812911121311,44.78812911121311,50.0,82.49287749698689,69.7002243946962,36.72879152891247,50.0,48.0,85.25708723273752,63.072193355521,85.33333333333333,72.0,0.0,0.0,43.773822745596405,,RISK_ON,BREADTH_NEUTRAL,47.42604651162792,0.6,43.51614783704237,constructive trading pattern | supportive sector ETF flow proxy | bullish options flow,volatility/risk quality is weak | news sentiment is not supportive,542.52,419.15,597.71,trend continuation after a shallow consolidation,0.0,no strong bearish swing pattern confirmed
2026-06-04:TSM:13,2026-06-04,2026-06-04T13:04:10.098470+00:00,13,BULL,TSM,436.6900024414063,58.624006343505584,70.65773003634116,60.21680048769471,48.26472679055626,70.39446750772055,35.06625568037647,47.8927821734216,37.15629517659861,80.69284445072444,17.5,50.0,100.0,20.11394488030165,0.0,42.322915764149,42.43100565586289,44.442730829458,44.442730829458,50.0,81.30234344181869,57.5405144503622,37.601370171347305,52.5,48.816873759547406,79.1244644239384,62.687589828935,89.0,96.0,0.0,0.0,64.13807231552725,41.0,RISK_ON,BREADTH_NEUTRAL,47.42604651162792,0.0,40.84938330846014,constructive trading pattern | improving fundamentals | high-quality swing setup,no major model risk flagged,436.69,392.07,467.74,trend continuation after a shallow consolidation,0.0,no strong bearish swing pattern confirmed
2026-06-04:NXPI:14,2026-06-04,2026-06-04T13:04:10.098470+00:00,14,BULL,NXPI,321.8800048828125,52.741721360519705,70.33177325778266,60.11614348207381,33.1833482005605,67.55160488512026,31.2090389016018,44.75667429443171,43.91524791847896,77.52110842351543,22.0,0.3,100.0,17.019429344767904,0.0,47.89957168229668,41.12247661259605,41.376055308116726,41.376055308116726,50.0,72.48267195743,73.45245242638833,40.288795139426895,52.5,42.25,79.1244644239384,62.30270027025051,89.0,96.0,0.0,0.0,58.74151456231149,,RISK_ON,BREADTH_NEUTRAL,47.42604651162792,0.5,40.94287156994485,constructive trading pattern | supportive sector ETF flow proxy | high-quality swing setup,news sentiment is not supportive,321.88,291.23,348.9,trend continuation after a shallow consolidation,80.0,recent breakout attempt failed and reversed.
2026-06-04:GEN:15,2026-06-04,2026-06-04T13:04:10.098470+00:00,15,BULL,GEN,26.5,58.973853828506186,69.25448571033584,64.44572081625327,48.86983261896735,63.684159158026645,29.769704433497544,44.82758620689656,33.819811320754695,81.09747772018837,15.0,50.0,100.0,100.0,0.0,27.952574648146136,48.91988503339796,42.00974421437272,42.00974421437272,50.0,68.26861718816559,76.45715612070781,49.1184189446863,52.5,31.5,79.1244644239384,61.627195505123,75.0,88.0,0.0,0.0,57.32993638044188,,RISK_ON,BREADTH_NEUTRAL,47.42604651162792,0.0,48.59525746481461,high-quality swing setup | supportive sector ETF flow proxy | accumulation on volume,no major model risk flagged,26.5,23.44,28.34,trend continuation after a shallow consolidation,0.0,no strong bearish swing pattern confirmed
2026-06-05:UNH:1,2026-06-05,2026-06-05T01:17:06.550067+00:00,1,BULL,UNH,396.4700012207031,59.17474116061907,80.15733987457975,75.64972139409636,34.14175044586852,68.12810924982352,79.95540771850104,58.41796778177762,46.03715545618174,83.45715686049734,20.5,0.9,100.0,15.702262825986413,11.396446213850808,51.029324501818536,95.21677007951104,48.875704002650366,48.875704002650366,50.0,58.99674732516098,54.74015168131281,39.07023044123175,50.0,63.01764395026754,87.93360694353896,62.771645452366094,90.0,64.0,0.0,0.0,72.81833154511682,,RISK_ON,BREADTH_NEUTRAL,63.0125,0.95,29.85827187407981,bullish options flow | constructive trading pattern | supportive sector ETF flow proxy,news sentiment is not supportive,396.47,372.22,416.46,pullback buy near rising 20-day support,74.0,price is making lower highs and lower lows.
2026-06-05:CVS:2,2026-06-05,2026-06-05T01:17:06.550067+00:00,2,BULL,CVS,94.81999969482422,58.83979850855868,78.63350315681934,74.62071738405459,35.12363005455309,66.53586369189662,73.95350049352183,54.5454545454545,47.74812541454288,81.76200040809508,19.0,1.0,100.0,21.78504044048157,0.0,50.915931342124296,88.82884983335046,52.5,52.5,50.0,60.76426139660795,81.13094437565522,42.35488941015558,50.0,47.11701712504591,79.16450263058455,62.39939537774209,82.25971210240137,40.0,0.0,0.0,69.39664350893574,,RISK_ON,BREADTH_NEUTRAL,63.0125,0.9,22.359349200284665,bullish options flow | constructive trading pattern | high-quality swing setup,news sentiment is not supportive,94.82,88.85,99.36,pullback buy near rising 20-day support,74.0,price is making lower highs and lower lows.
2026-06-05:FANG:3,2026-06-05,2026-06-05T01:17:06.550067+00:00,3,BULL,FANG,202.94000244140625,56.70846435590632,76.4847544540911,72.58043098174085,35.70719200078143,58.42846072678429,64.04253745457099,43.54514596904772,68.93564600374494,82.1493813410125,22.25,0.9,100.0,-1.0294141730959885,0.0,51.63825360661183,70.57647777426381,52.5,52.5,50.0,29.60203743302507,94.15673287905403,49.139106291296685,50.0,63.05618034818188,79.16450263058455,62.003428050806384,77.0,56.0,0.0,0.0,65.97791618508322,,RISK_ON,BREADTH_NEUTRAL,63.0125,0.9,24.60941323469678,accumulation on volume | high-quality swing setup | supportive sector ETF flow proxy,news sentiment is not supportive,202.94,187.81,216.48,pullback buy near rising 20-day support,0.0,no strong bearish swing pattern confirmed
2026-06-05:TROW:4,2026-06-05,2026-06-05T01:17:06.550067+00:00,4,BULL,TROW,106.95999908447266,55.640890649635146,76.25182111946884,65.56292290143605,35.34680344814954,66.0019113030676,57.804251739477536,51.23769473382393,38.26921563394427,76.41761481668257,14.499999999999998,0.0,100.0,-20.12550770534072,0.0,42.71151921064648,50.619121522981565,44.96938392968717,44.96938392968717,50.0,59.91199077791661,72.39116121528966,58.804144278825504,52.5,73.8564409767398,79.16450263058455,61.76218586394568,82.0,80.0,0.0,0.0,70.71471980984147,,RISK_ON,BREADTH_NEUTRAL,63.0125,0.9,29.252325765263546,constructive trading pattern | supportive sector ETF flow proxy | high-quality swing setup,news sentiment is not supportive,106.96,100.0,110.98,trend continuation after a shallow consolidation,0.0,no strong bearish swing pattern confirmed
2026-06-05:CNC:5,2026-06-05,2026-06-05T01:17:06.550067+00:00,5,BULL,CNC,62.70000076293945,58.65624315339427,76.20924882869903,74.48799181510446,34.91490836146225,66.21561962464628,77.74955447892519,58.90630266262219,42.49640121269415,85.5964427926753,15.75,0.4,100.0,42.56457063476604,0.0,52.018794868850215,66.16037909945375,52.5,52.5,50.0,64.48836220748672,73.7002710477343,42.02870048974027,50.0,64.53529196776799,79.16450263058455,61.85569365409837,82.0,80.0,0.0,0.0,66.89952580332383,,RISK_ON,BREADTH_NEUTRAL,63.0125,0.6,39.58656508209992,high-quality swing setup | constructive trading pattern | supportive sector ETF flow proxy,news sentiment is not supportive,62.7,56.23,66.75,breakout above a 20-day range on above-average volume,0.0,no strong bearish swing pattern confirmed
2026-06-05:ASML:6,2026-06-05,2026-06-05T01:17:06.550067+00:00,6,BULL,ASML,1757.469970703125,56.35552342844579,76.07618024183186,70.8037567167562,33.52130628426751,63.59823605710413,48.48206519862917,42.63565891472864,60.03174078626905,87.17413451840379,14.499999999999998,0.7,100.0,44.82042664347585,0.0,50.211172091014326,59.72624019210094,47.12573414838787,47.12573414838787,50.0,63.04539926056418,96.96842892537178,36.36691809582072,50.0,50.977116225550034,79.16450263058455,62.34011274961487,90.0,88.0,0.0,0.0,54.9968070861586,40.0,RISK_ON,BREADTH_NEUTRAL,63.0125,0.8,42.544181205622806,accumulation on volume | constructive trading pattern | high-quality swing setup,news sentiment is not supportive,1757.47,1529.46,1889.29,breakout above a 55-day range on above-average volume,0.0,no strong bearish swing pattern confirmed
2026-06-05:LLY:7,2026-06-05,2026-06-05T01:17:06.550067+00:00,7,BULL,LLY,1125.27001953125,58.06763112387837,75.74315520233297,73.9621087225482,34.98217660640429,64.07513546039168,71.27745478533987,52.185934029626125,54.99015870317685,76.58047847709499,15.75,0.8,100.0,46.96216828060873,11.396446213850808,49.5571380111095,89.61379861730708,52.5,52.5,50.0,65.71729255560135,70.36181493047351,41.45121345035045,50.0,36.637045412253386,87.93360694353896,63.265964092481205,75.0,48.0,0.0,0.0,59.98210043335953,,RISK_ON,BREADTH_NEUTRAL,63.0125,0.9,28.800039043202258,bullish options flow | supportive sector ETF flow proxy | high-quality swing setup,news sentiment is not supportive,1125.27,1013.12,1196.32,trend continuation after a shallow consolidation,0.0,no strong bearish swing pattern confirmed
2026-06-05:SOLV:8,2026-06-05,2026-06-05T01:17:06.550067+00:00,8,BULL,SOLV,82.41999816894531,57.68040273446719,75.04320292648207,75.91777757749418,35.4901152367852,57.82768041401369,80.86199963330783,55.58199356913183,40.20904455860137,80.48830249125643,13.25,0.0,100.0,56.46848582844101,0.0,47.72273784642446,66.25645649449096,47.33971569480708,47.33971569480708,50.0,47.27364765606562,89.71945446825505,55.65142713751054,52.5,59.18392948820876,79.16450263058455,61.568458543557085,76.0,32.0,0.0,0.0,53.43156094157209,,RISK_ON,BREADTH_NEUTRAL,63.0125,0.9,24.4425466589086,accumulation on volume | strong opening activity | high-quality swing setup,news sentiment is not supportive,82.42,73.56,87.14,trend continuation after a shallow consolidation,0.0,no strong bearish swing pattern confirmed
2026-06-05:CRWD:9,2026-06-05,2026-06-05T01:17:06.550067+00:00,9,BULL,CRWD,719.0900268554688,59.80431967467116,75.02662838312636,82.88189878719429,33.72780138863856,59.344102232315,91.52237179844512,58.85714285714288,55.16567878885802,81.78319943589983,20.0,0.8,100.0,100.0,83.51752068455589,50.74962796432266,70.45986166921536,41.04721660848797,41.04721660848797,50.0,59.263270141325,100.0,50.46961582859852,50.0,31.250000000000004,78.28161087990108,62.45683457064607,83.0,100.0,0.0,0.0,42.08254497638727,,RISK_ON,BREADTH_NEUTRAL,63.0125,0.9,55.07496279643227,accumulation on volume | strong opening activity | constructive trading pattern,volatility/risk quality is weak | news sentiment is not supportive,719.09,623.58,795.14,trend continuation after a shallow consolidation,0.0,no strong bearish swing pattern confirmed
2026-06-05:AAPL:10,2026-06-05,2026-06-05T01:17:06.550067+00:00,10,BULL,AAPL,311.2300109863281,58.03975558004111,74.68233991209966,74.0715413659223,32.49639259749504,68.09437263089185,50.53710951711185,50.60449050086351,47.564968890223554,78.43070880210341,23.0,0.2,100.0,17.713596507422324,83.51752068455589,49.26707934898114,92.95405124150948,41.086300543150266,41.086300543150266,50.0,62.16633614749301,75.45432826914778,38.75497978520449,50.0,57.634758692947976,78.28161087990108,63.71814194469398,83.0,64.0,0.0,0.0,71.30286437509469,,RISK_ON,BREADTH_NEUTRAL,63.0125,0.6,29.98374741101146,bullish options flow | constructive trading pattern | high-quality swing setup,news sentiment is not supportive,311.23,298.99,322.49,pullback buy near rising 20-day support,0.0,no strong bearish swing pattern confirmed
2026-06-05:AMD:11,2026-06-05,2026-06-05T01:17:06.550067+00:00,11,BULL,AMD,523.2000122070312,57.64677825285319,74.67520822622244,74.29365304459328,33.5393566429807,63.91560347767815,42.78119083106527,39.33244225230142,55.613371845682565,81.83283923509407,14.75,0.0,100.0,96.76675971172378,100.0,42.24750939284519,75.93399544474111,44.78812911121311,44.78812911121311,50.0,82.49287749698689,70.16711505627242,36.64306024628026,52.5,40.0,97.45442156316273,63.05786265434745,89.0,80.0,20.0,0.0,39.326831763338525,,RISK_ON,BREADTH_NEUTRAL,63.0125,0.9,51.73976489604309,supportive sector ETF flow proxy | constructive trading pattern | improving fundamentals,volatility/risk quality is weak | news sentiment is not supportive,523.2,424.25,581.96,trend continuation after a shallow consolidation,0.0,no strong bearish swing pattern confirmed
2026-06-05:RBRK:12,2026-06-05,2026-06-05T01:17:06.550067+00:00,12,BULL,RBRK,77.0,57.76021131926092,73.5685760330951,73.9250103841056,37.455079085007306,58.27537919202366,56.42252488421915,48.83318374150538,33.5030732471585,80.01198101800432,17.25,1.0,100.0,100.0,0.0,42.41947265193576,77.25905536354095,52.5,52.5,50.0,66.5098348465622,94.45447051729172,63.76516927852694,52.5,36.88105600064706,79.16450263058455,61.39755518961206,75.0,64.0,0.0,0.0,36.96025362881748,,RISK_ON,BREADTH_NEUTRAL,63.0125,0.9,41.64194726519357,accumulation on volume | high-quality swing setup | supportive sector ETF flow proxy,volatility/risk quality is weak | news sentiment is not supportive,77.0,63.38,86.46,trend continuation after a shallow consolidation,0.0,no strong bearish swing pattern confirmed
2026-06-05:ELV:13,2026-06-05,2026-06-05T01:17:06.550067+00:00,13,BULL,ELV,409.4400024414063,63.74985200278634,73.35354153735247,73.31344627068142,49.80138494655106,67.68778455044153,69.81765849821966,56.01534526854222,45.89507906507238,82.15399341591208,19.25,50.0,100.0,22.30670546371327,0.0,39.12212475929694,69.54725510917892,52.5,52.5,50.0,63.35782866901507,78.37617883451685,42.80659712406536,50.0,71.89508354638437,79.16450263058455,62.24778551750036,81.12106086556426,32.0,0.0,0.0,72.02622138511225,40.0,RISK_ON,BREADTH_NEUTRAL,63.0125,0.0,18.458218295486684,high-quality swing setup | constructive trading pattern | supportive sector ETF flow proxy,no major model risk flagged,409.44,381.62,430.86,trend continuation after a shallow consolidation,0.0,no strong bearish swing pattern confirmed
2026-06-05:ORCL:14,2026-06-05,2026-06-05T01:17:06.550067+00:00,14,BULL,ORCL,236.33999633789065,57.57456542660206,71.74555023473482,77.59226332010998,35.73599865820871,53.93784783761926,66.60006189881462,50.74660030219532,31.87857859932194,76.81375920792108,11.0,0.7,100.0,84.99371078707897,83.51752068455589,27.435353051710425,92.62588112196195,59.08090987618774,59.08090987618774,50.0,33.20589929077717,79.88460715925095,36.96492025011521,50.0,34.43141651922603,78.28161087990108,62.77731964768397,89.0,48.0,0.0,0.0,45.60068825313397,5.0,RISK_ON,BREADTH_NEUTRAL,63.0125,0.8,32.292591923232884,bullish options flow | constructive trading pattern | accumulation on volume,news sentiment is not supportive,236.34,184.32,259.35,trend continuation after a shallow consolidation,0.0,no strong bearish swing pattern confirmed
2026-06-05:VLO:15,2026-06-05,2026-06-05T01:17:06.550067+00:00,15,BULL,VLO,258.8500061035156,62.81525389109862,71.69188032759683,72.02865625947092,50.15546326572125,64.64353945307347,53.84917401993316,45.26037483266397,43.61100839994383,81.48351287364251,16.25,50.0,100.0,25.374465731558665,0.0,46.713226037066896,88.12627557005152,52.5,52.5,50.0,56.223023548979256,78.25939624241339,42.3482987991882,52.5,63.44044455593125,79.16450263058455,62.219702852746416,89.0,56.0,0.0,0.0,64.56919336101885,,RISK_ON,BREADTH_NEUTRAL,63.0125,0.0,28.077492463440485,constructive trading pattern | bullish options flow | high-quality swing setup,no major model risk flagged,258.85,230.96,276.99,trend continuation after a shallow consolidation,80.0,recent breakout attempt failed and reversed.
2026-06-05:CNC:1,2026-06-05,2026-06-05T04:41:39.915218+00:00,1,BULL,CNC,59.54999923706055,60.3951493907084,79.1229643230684,69.49354652824432,35.340401430093806,68.55545639153334,77.74955447892519,58.90630266262219,42.49640121269415,80.69977457783531,28.000000000000004,0.8,100.0,28.519427915120023,0.0,52.66424791428337,66.16037909945375,52.5,52.5,50.0,64.48836220748672,57.1215192681013,40.4735822788756,52.5,56.25,78.46023267137706,61.85569365409837,78.5,80.0,0.0,0.0,68.25693123455585,,RISK_ON,BREADTH_NEUTRAL,47.43414715719063,0.9,37.54433897869634,high-quality swing setup | constructive trading pattern | supportive sector ETF flow proxy,news sentiment is not supportive,59.55,56.28,63.2,pullback buy near rising 20-day support,80.0,recent breakout attempt failed and reversed.
2026-06-05:HUM:2,2026-06-05,2026-06-05T04:41:39.915218+00:00,2,BULL,HUM,327.5400085449219,60.83461448496391,78.65665378889146,72.15914566524106,33.29346631049753,67.31385270406356,85.93571735600455,59.06780180069818,40.486031912244734,80.37789411302693,17.5,0.9,100.0,100.0,0.0,33.827745862213,41.060672194055485,40.20897118141614,40.20897118141614,50.0,57.82262082710513,79.43976650034803,45.53930543374027,50.0,41.0,78.46023267137706,62.05294861797479,89.0,24.0,0.0,0.0,66.76973987571405,,RISK_ON,BREADTH_NEUTRAL,47.43414715719063,0.9,26.7827745862213,constructive trading pattern | strong opening activity | high-quality swing setup,news sentiment is not supportive,327.54,297.35,348.78,price is pulling back toward an anchored VWAP support area,0.0,no strong bearish swing pattern confirmed
2026-06-05:FCX:3,2026-06-05,2026-06-05T04:41:39.915218+00:00,3,BULL,FCX,70.63999938964844,60.313254282433135,78.05567235461835,71.72265046844707,34.963880639261625,63.601147973241005,58.25377259748058,50.95258558945712,41.98864788238695,81.20588213370482,11.5,0.95,100.0,78.85885843040145,0.0,47.32367246691582,71.63485753638928,52.5,52.5,50.0,52.22692775068421,71.1463064688144,39.840232206146666,50.0,57.10509874288218,78.46023267137706,62.2856670252757,89.0,48.0,0.0,0.0,59.4133589576156,,RISK_ON,BREADTH_NEUTRAL,47.43414715719063,0.95,33.3611960112518,constructive trading pattern | high-quality swing setup | supportive sector ETF flow proxy,news sentiment is not supportive,70.64,58.08,76.46,trend continuation after a shallow consolidation,0.0,no strong bearish swing pattern confirmed
2026-06-05:AVGO:4,2026-06-05,2026-06-05T04:41:39.915218+00:00,4,BULL,AVGO,479.2300109863281,60.970618417915134,77.43306862034784,73.15858515733434,33.86446877021102,65.03138043696795,62.83809740416346,34.15446071904127,33.562984889355675,81.44131725669618,12.5,0.0,100.0,27.20147294178226,100.0,57.52360044010384,86.50040634411369,39.76285877831384,39.76285877831384,50.0,65.44892993787774,85.59544670781686,49.23039066145556,50.0,38.5,85.38007249505121,63.43180511657165,89.0,40.0,40.0,0.0,54.252022506705394,,RISK_ON,BREADTH_NEUTRAL,47.43414715719063,0.9,33.83258098527772,constructive trading pattern | bullish options flow | accumulation on volume,earnings quality is soft | news sentiment is not supportive,479.23,405.61,516.03,trend continuation after a shallow consolidation,0.0,no strong bearish swing pattern confirmed
2026-06-05:AAPL:5,2026-06-05,2026-06-05T04:41:39.915218+00:00,5,BULL,AAPL,310.260009765625,61.6000248427542,76.71857014116624,72.34637342736826,33.24271551961962,70.78308051682612,50.53710951711185,50.60449050086351,47.564968890223554,76.78978157814628,21.0,0.2,100.0,12.90425154073066,100.0,51.62870287335279,92.95405124150948,41.086300543150266,41.086300543150266,50.0,62.16633614749301,75.75656931934456,41.41327869757094,52.5,54.61576460417661,77.16491203691949,63.71814194469398,83.0,64.0,0.0,0.0,78.52715755513151,,RISK_ON,BREADTH_NEUTRAL,47.43414715719063,0.6,29.49850801844488,bullish options flow | constructive trading pattern | supportive sector ETF flow proxy,news sentiment is not supportive,310.26,296.65,321.69,pullback buy near rising 20-day support,0.0,no strong bearish swing pattern confirmed
2026-06-05:AMD:6,2026-06-05,2026-06-05T04:41:39.915218+00:00,6,BULL,AMD,542.52001953125,61.30234079789517,75.11085283001988,74.12774338531801,33.65123550857985,64.7759279009438,42.78119083106527,39.33244225230142,55.613371845682565,80.11788749412281,11.25,0.0,100.0,100.0,100.0,33.21266715224629,75.93399544474111,44.78812911121311,44.78812911121311,50.0,82.49287749698689,69.72934459094932,36.75610378790517,50.0,48.0,85.38007249505121,63.05786265434745,85.33333333333333,88.0,40.0,0.0,43.773822745596405,,RISK_ON,BREADTH_NEUTRAL,47.43414715719063,0.8,59.12126671522463,supportive sector ETF flow proxy | constructive trading pattern | improving fundamentals,volatility/risk quality is weak | news sentiment is not supportive,542.52,419.15,597.71,trend continuation after a shallow consolidation,0.0,no strong bearish swing pattern confirmed
2026-06-05:CRWD:7,2026-06-05,2026-06-05T04:41:39.915218+00:00,7,BULL,CRWD,747.6099853515625,62.0652222599915,74.61864847682727,78.27222929440974,33.30836451926481,59.69383065261291,91.52237179844512,58.85714285714288,55.16567878885802,78.33778978980048,12.25,0.0,100.0,100.0,100.0,47.66305632377055,70.45986166921536,41.04721660848797,41.04721660848797,50.0,59.263270141325,100.0,47.08312821626039,50.0,33.75,77.16491203691949,62.45683457064607,89.0,100.0,0.0,0.0,38.59795521895049,,RISK_ON,BREADTH_NEUTRAL,47.43414715719063,0.9,54.766305632377055,accumulation on volume | strong opening activity | constructive trading pattern,volatility/risk quality is weak | news sentiment is not supportive,747.61,605.41,816.86,trend continuation after a shallow consolidation,0.0,no strong bearish swing pattern confirmed
2026-06-05:RBRK:8,2026-06-05,2026-06-05T04:41:39.915218+00:00,8,BULL,RBRK,79.45999908447266,60.15200603899336,74.49012684781097,72.35964672073813,37.25195992345048,58.50156608315123,56.42252488421915,48.83318374150538,33.5030732471585,78.0647120230309,13.25,0.9,100.0,100.0,0.0,41.48883348890817,77.25905536354095,52.5,52.5,50.0,66.5098348465622,100.0,61.919785908590654,52.5,37.37319992003773,78.46023267137706,61.39755518961206,75.0,56.0,0.0,0.0,37.53649156921169,,RISK_ON,BREADTH_NEUTRAL,47.43414715719063,0.95,38.748883348890814,accumulation on volume | supportive sector ETF flow proxy | high-quality swing setup,volatility/risk quality is weak | news sentiment is not supportive,79.46,62.14,88.72,trend continuation after a shallow consolidation,0.0,no strong bearish swing pattern confirmed
2026-06-05:GLW:9,2026-06-05,2026-06-05T04:41:39.915218+00:00,9,BULL,GLW,200.759994506836,58.69661605598216,74.20687111812751,70.12865376993133,33.1608471148373,61.35824131817697,20.37364990235601,37.46803069053711,23.902377968283343,79.08684232318272,19.75,0.9,100.0,86.71132663271734,0.0,34.476366699942105,92.66415774007758,40.45924225028702,40.45924225028702,50.0,57.39596988148553,66.75641512524842,39.36178364510118,52.5,48.5,78.46023267137706,62.449460532552585,90.0,100.0,0.0,0.0,42.04857341861121,,RISK_ON,BREADTH_NEUTRAL,47.43414715719063,0.9,51.45433566490181,bullish options flow | constructive trading pattern | high-quality swing setup,volatility/risk quality is weak | news sentiment is not supportive,200.76,169.33,225.59,price is pulling back toward an anchored VWAP support area,0.0,no strong bearish swing pattern confirmed
2026-06-05:WDC:10,2026-06-05,2026-06-05T04:41:39.915218+00:00,10,BULL,WDC,594.1099853515625,59.99227783779119,73.58794080126995,69.43741292472028,36.32719960123314,65.43390152095223,44.20275504538976,38.77172667007744,32.830582102519536,81.55089781650116,10.25,0.0,100.0,100.0,0.0,47.39084675437769,55.1813791417965,52.5,52.5,50.0,97.46838111904282,68.08213800033855,54.43024116841955,52.5,53.25,78.46023267137706,62.67333701641157,85.33333333333333,56.0,0.0,0.0,35.884472489849394,,RISK_ON,BREADTH_NEUTRAL,47.43414715719063,0.7,39.33908467543776,improving fundamentals | constructive trading pattern | high-quality swing setup,volatility/risk quality is weak | news sentiment is not supportive,594.11,448.82,652.98,breakout above a 20-day range on above-average volume,0.0,no strong bearish swing pattern confirmed
2026-06-05:MU:11,2026-06-05,2026-06-05T04:41:39.915218+00:00,11,BULL,MU,1079.5699462890625,60.98643705254534,73.01498993745993,72.85219230797273,36.72742814608829,62.22115830133601,42.757271825063,35.21651877003261,19.00211434794665,79.08178932444547,8.0,0.0,100.0,100.0,100.0,35.431039136678145,74.1339011552559,60.5,60.5,50.0,80.0,79.33707898088234,37.03128413779884,50.0,39.25,85.38007249505121,63.21893995507192,85.33333333333333,88.0,60.0,0.0,37.267064114818034,19.0,RISK_ON,BREADTH_NEUTRAL,47.43414715719063,0.7,64.34310391366782,supportive sector ETF flow proxy | constructive trading pattern | improving fundamentals,volatility/risk quality is weak | news sentiment is not supportive,1079.57,684.84,1206.12,trend continuation after a shallow consolidation,0.0,no strong bearish swing pattern confirmed
2026-06-05:DDOG:12,2026-06-05,2026-06-05T04:41:39.915218+00:00,12,BULL,DDOG,250.3300018310547,60.24884664915025,72.71790826773238,71.60404971279908,35.32925121239164,63.08924829062207,46.93597077878661,51.00833182365455,64.66654053640968,81.07895678815122,16.0,0.0,100.0,100.0,0.0,27.432828839160813,48.33761364297487,52.5,52.5,50.0,70.07425937244015,98.26024304480856,47.22304976160932,50.0,33.0,78.46023267137706,62.2399425041573,89.0,48.0,0.0,0.0,41.98093711992843,,RISK_ON,BREADTH_NEUTRAL,47.43414715719063,0.6,34.54328288391608,accumulation on volume | constructive trading pattern | high-quality swing setup,volatility/risk quality is weak | news sentiment is not supportive,250.33,206.24,278.7,trend continuation after a shallow consolidation,0.0,no strong bearish swing pattern confirmed
2026-06-05:PANW:13,2026-06-05,2026-06-05T04:41:39.915218+00:00,13,BULL,PANW,280.42999267578125,61.00400616998138,72.60987210332385,74.68000893894015,34.658747671751655,60.78226706176028,54.44230850407508,43.440530883103655,35.42435094001789,81.20306748961261,15.25,0.0,100.0,100.0,100.0,43.01552604139333,60.13837355119365,44.78303747534516,44.78303747534516,50.0,63.41679189983605,100.0,51.62709856746996,50.0,31.0,77.16491203691949,62.57472617277292,83.0,72.0,20.0,0.0,42.07821578321342,,RISK_ON,BREADTH_NEUTRAL,47.43414715719063,0.6,49.50155260413933,accumulation on volume | constructive trading pattern | high-quality swing setup,volatility/risk quality is weak | news sentiment is not supportive,280.43,231.55,310.09,trend continuation after a shallow consolidation,0.0,no strong bearish swing pattern confirmed
2026-06-05:AMAT:14,2026-06-05,2026-06-05T04:41:39.915218+00:00,14,BULL,AMAT,500.7699890136719,58.77612271454355,72.42030907213564,70.08833694933746,33.92391437600655,60.89265338085857,48.68507145878953,41.88620342396776,25.944826687093084,79.7813530523958,11.25,0.55,100.0,76.74870698545728,0.0,45.05407925723208,58.934041393634914,45.239917574330285,45.239917574330285,50.0,51.009080902244776,91.33633169319413,43.85457196869115,50.0,49.25,78.46023267137706,62.79556159806624,85.33333333333333,88.0,0.0,0.0,52.10371747550337,,RISK_ON,BREADTH_NEUTRAL,47.43414715719063,0.6,46.81771397354179,accumulation on volume | constructive trading pattern | high-quality swing setup,news sentiment is not supportive,500.77,410.21,541.78,price is pulling back toward an anchored VWAP support area,0.0,no strong bearish swing pattern confirmed
2026-06-05:EXPD:15,2026-06-05,2026-06-05T04:41:39.915218+00:00,15,BULL,EXPD,158.6999969482422,58.22577064054187,72.38960011775514,64.13896097365586,35.52185386391412,69.52956459624932,70.96380681628835,51.35896793587179,50.67102143529817,73.35262014298164,33.25,0.5,100.0,-12.45746243517515,0.0,53.11474922427639,32.23650871622269,52.5,52.5,50.0,53.44656357818727,65.7648980840865,43.55798928325948,52.5,50.75,78.46023267137706,61.73084168362415,82.20578540240088,100.0,0.0,0.0,75.24138615324586,,RISK_ON,BREADTH_NEUTRAL,47.43414715719063,0.4,38.44285555715136,constructive trading pattern | supportive sector ETF flow proxy | high-quality swing setup,news sentiment is not supportive,158.7,153.38,165.79,pullback buy near rising 20-day support,80.0,recent breakout attempt failed and reversed.
2026-06-05:DE:SHORT:1,2026-06-05,2026-06-05T14:50:45.277311+00:00,1,SHORT,DE,595.88,100.0,97.8,,,,,,,,,,80.0,-4.802084390471196,0.0,,,,,,,,,,,,,,,,,62.49718034542612,,,,,,,moving averages are stacked bearishly | short risk/reward 3.16,short squeezes can move quickly against the setup,595.88,621.42,515.15,moving averages are stacked bearishly,82.0,moving averages are stacked bearishly.
2026-06-05:AME:SHORT:2,2026-06-05,2026-06-05T14:50:45.277311+00:00,2,SHORT,AME,227.49,100.0,97.85,,,,,,,,,,50.0,-33.42527050429539,0.0,,,,,,,,,,,,,,,,,78.34030276249854,,,,,,,moving averages are stacked bearishly | short risk/reward 3.17,short squeezes can move quickly against the setup,227.49,233.86,207.32,moving averages are stacked bearishly,82.0,moving averages are stacked bearishly.
2026-06-05:SBAC:SHORT:3,2026-06-05,2026-06-05T14:50:45.277311+00:00,3,SHORT,SBAC,207.95,100.0,100.0,,,,,,,,,,80.0,-39.54254294317838,0.0,,,,,,,,,,,,,,,,,70.90872453079054,,,,,,,moving averages are stacked bearishly | short risk/reward 5.42,short squeezes can move quickly against the setup,207.95,216.52,161.43,moving averages are stacked bearishly,82.0,moving averages are stacked bearishly.
2026-06-05:ABNB:SHORT:4,2026-06-05,2026-06-05T14:50:45.277311+00:00,4,SHORT,ABNB,134.8,97.52,91.7,,,,,,,,,,50.0,-38.16204221230901,0.0,,,,,,,,,,,,,,,,,65.49375957423905,,,,,,,moving averages are stacked bearishly | short risk/reward 1.94,short squeezes can move quickly against the setup,134.8,141.66,121.51,moving averages are stacked bearishly,82.0,moving averages are stacked bearishly.
2026-06-05:MRNA:SHORT:5,2026-06-05,2026-06-05T14:50:45.277311+00:00,5,SHORT,MRNA,48.87,92.8,88.75,,,,,,,,,,50.0,-14.666183050156269,0.0,,,,,,,,,,,,,,,,,49.875171462302646,,,,,,,moving averages are stacked bearishly | short risk/reward 1.35,short squeezes can move quickly against the setup,48.87,52.72,43.68,moving averages are stacked bearishly,82.0,moving averages are stacked bearishly.
2026-06-08:MCHP:SHORT:1,2026-06-08,2026-06-08T13:20:01.671335+00:00,1,SHORT,MCHP,88.34,100.0,99.15,,,,,,,,,,70.0,-68.66861102374307,0.0,,,,,,,,,,,,,,,,,42.45104538150582,,,,,,,breakdown below a 20-day range on above-average volume | short risk/reward 2.23,short squeezes can move quickly against the setup,88.34,101.49,59.01,breakdown below a 20-day range on above-average volume,88.0,breakdown below a 20-day range on above-average volume.
2026-06-08:NVDA:SHORT:2,2026-06-08,2026-06-08T13:20:01.671335+00:00,2,SHORT,NVDA,205.1,99.28,95.05,,,,,,,,,,70.0,-20.24558952101174,70.50481932363404,,,,,,,,,,,,,,,,,45.21423598403757,,,,,,,breakdown below a 20-day range on above-average volume | short risk/reward 1.41,short squeezes can move quickly against the setup,205.1,234.16,164.08,breakdown below a 20-day range on above-average volume,88.0,breakdown below a 20-day range on above-average volume.
2026-06-08:AEP:SHORT:3,2026-06-08,2026-06-08T13:20:01.671335+00:00,3,SHORT,AEP,129.14,94.08,89.55,,,,,,,,,,50.0,-12.06399236508904,0.0,,,,,,,,,,,,,,,,,78.72356057948423,,,,,,,moving averages are stacked bearishly | short risk/reward 1.51,short squeezes can move quickly against the setup,129.14,132.71,123.74,moving averages are stacked bearishly,82.0,moving averages are stacked bearishly.
2026-06-09:UNH:BULL:1,2026-06-09,2026-06-09T13:54:23.460541+00:00,1,BULL,UNH,409.4100036621094,60.40520553747925,70.12150976950234,64.75827553105749,48.68479503669996,67.78466394664193,38.325798439676525,52.51481481481481,48.27913273341806,83.32263566709268,13.25,50.0,100.0,27.72485897780552,53.18365747541414,41.20713069428733,88.59427495393953,48.875704002650366,48.875704002650366,50.0,58.99674732516098,19.05607332594401,32.53115318045366,52.5,69.95185700432283,50.22300568428271,62.785908577434384,84.0,48.0,0.0,0.0,73.62849818945139,31.0,NEUTRAL,BREADTH_STRONG,65.31,0.0,25.079441916099555,bullish options flow | constructive trading pattern | high-quality swing setup,no major model risk flagged,409.41,372.24,429.27,price is pulling back toward an anchored VWAP support area,0.0,no strong bearish swing pattern confirmed
2026-06-09:EOG:BULL:2,2026-06-09,2026-06-09T13:54:23.460541+00:00,2,BULL,EOG,139.22500610351562,60.24079295162858,68.13119813361754,63.89643238286436,48.59976341943727,69.00803762240153,40.97890716763486,45.03032465215839,50.1512135187396,77.36895199501818,36.0,50.0,100.0,17.43421348104601,0.0,34.82830629577465,41.78202106325517,45.828316057352126,45.828316057352126,50.0,64.35921327160507,61.19372498686184,37.55819227692321,52.5,73.4194440822221,57.37043077025794,62.28529194711607,77.0,48.0,0.0,0.0,67.43500616489027,,NEUTRAL,BREADTH_STRONG,65.31,0.0,22.897962651734368,high-quality swing setup | constructive trading pattern | constructive volatility setup,no major model risk flagged,139.23,131.24,150.7,pullback buy near rising 20-day support,0.0,no strong bearish swing pattern confirmed
2026-06-09:TT:SHORT:3,2026-06-09,2026-06-09T13:54:23.460541+00:00,3,SHORT,TT,471.36,100.0,100.0,,,,,,,,,,80.0,-9.016835067687634,0.0,,,,,,,,,,,,,,,,,67.20610740317665,,,,,,,moving averages are stacked bearishly | short risk/reward 4.26,short squeezes can move quickly against the setup,471.36,487.61,402.23,moving averages are stacked bearishly,82.0,moving averages are stacked bearishly.
2026-06-09:AME:SHORT:4,2026-06-09,2026-06-09T13:54:23.460541+00:00,4,SHORT,AME,229.53,100.0,99.95,,,,,,,,,,80.0,-10.415158904630184,0.0,,,,,,,,,,,,,,,,,78.89346369660636,,,,,,,moving averages are stacked bearishly | short risk/reward 3.59,short squeezes can move quickly against the setup,229.53,235.72,207.32,moving averages are stacked bearishly,82.0,moving averages are stacked bearishly.
2026-06-09:PH:SHORT:5,2026-06-09,2026-06-09T13:54:23.460541+00:00,5,SHORT,PH,900.73,100.0,95.45,,,,,,,,,,50.0,10.32864716757642,0.0,,,,,,,,,,,,,,,,,66.66108625003048,,,,,,,moving averages are stacked bearishly | short risk/reward 2.69,short squeezes can move quickly against the setup,900.73,932.64,815.01,moving averages are stacked bearishly,82.0,moving averages are stacked bearishly.
2026-06-09:CVX:SHORT:6,2026-06-09,2026-06-09T13:54:23.460541+00:00,6,SHORT,CVX,188.18,98.16,92.1,,,,,,,,,,50.0,9.210639447269187,2.0153374519580325,,,,,,,,,,,,,,,,,62.73263467933677,,,,,,,moving averages are stacked bearishly | short risk/reward 2.02,short squeezes can move quickly against the setup,188.18,194.15,176.13,moving averages are stacked bearishly,82.0,moving averages are stacked bearishly.
2026-06-09:PNW:SHORT:7,2026-06-09,2026-06-09T13:54:23.460541+00:00,7,SHORT,PNW,101.14,95.68,90.55,,,,,,,,,,80.0,2.419845530063913,0.0,,,,,,,,,,,,,,,,,77.70377612034197,,,,,,,moving averages are stacked bearishly | short risk/reward 1.71,short squeezes can move quickly against the setup,101.14,104.21,95.9,moving averages are stacked bearishly,82.0,moving averages are stacked bearishly.
2026-06-16:CMS:SHORT:1,2026-06-16,2026-06-16T22:32:59.297023+00:00,1,SHORT,CMS,74.03,99.44,92.9,,,,,,,,,,50.0,0.7245819788771479,0.0,,,,,,,,,,,,,,,,,75.97487648481027,,,,,,,moving averages are stacked bearishly | short risk/reward 2.18,short squeezes can move quickly against the setup,74.03,76.41,68.84,moving averages are stacked bearishly,82.0,moving averages are stacked bearishly.
2026-06-16:AEE:SHORT:2,2026-06-16,2026-06-16T22:32:59.297023+00:00,2,SHORT,AEE,110.48,96.8,91.25,,,,,,,,,,80.0,5.6148378633835705,0.0,,,,,,,,,,,,,,,,,77.15738301181545,,,,,,,moving averages are stacked bearishly | short risk/reward 1.85,short squeezes can move quickly against the setup,110.48,113.8,104.32,moving averages are stacked bearishly,82.0,moving averages are stacked bearishly.
2026-06-16:AEP:SHORT:3,2026-06-16,2026-06-16T22:32:59.297023+00:00,3,SHORT,AEP,129.75,95.2,90.25,,,,,,,,,,50.0,-4.339891385605754,0.0,,,,,,,,,,,,,,,,,78.31907345104769,,,,,,,moving averages are stacked bearishly | short risk/reward 1.65,short squeezes can move quickly against the setup,129.75,133.38,123.74,moving averages are stacked bearishly,82.0,moving averages are stacked bearishly.
2026-06-29:MU:SHORT:1,2026-06-29,2026-06-29T14:07:03.327331+00:00,1,SHORT,MU,1080.14,100.0,96.7,,,,,,,,,,100.0,68.3500837538482,42.66425682404842,,,,,,,,,,,,,,,,,24.0,,,,,,,recent breakout attempt failed and reversed | short risk/reward 3.34,short squeezes can move quickly against the setup,1080.14,1280.98,408.5,recent breakout attempt failed and reversed,80.0,recent breakout attempt failed and reversed.
2026-06-29:BDX:SHORT:2,2026-06-29,2026-06-29T14:07:03.327331+00:00,2,SHORT,BDX,154.26,100.0,93.95,,,,,,,,,,80.0,40.12929026418921,0.0,,,,,,,,,,,,,,,,,72.53823243350016,,,,,,,moving averages are stacked bearishly | short risk/reward 2.39,short squeezes can move quickly against the setup,154.26,160.18,140.11,moving averages are stacked bearishly,82.0,moving averages are stacked bearishly.
2026-06-29:TSN:SHORT:3,2026-06-29,2026-06-29T14:07:03.327331+00:00,3,SHORT,TSN,58.62,99.04,92.65,,,,,,,,,,50.0,-3.466966552254813,0.0,,,,,,,,,,,,,,,,,76.08290153349921,,,,,,,moving averages are stacked bearishly | short risk/reward 2.13,short squeezes can move quickly against the setup,58.62,60.5,54.63,moving averages are stacked bearishly,82.0,moving averages are stacked bearishly.
2026-06-29:BMY:SHORT:4,2026-06-29,2026-06-29T14:07:03.327331+00:00,4,SHORT,BMY,57.65,98.88,92.55,,,,,,,,,,80.0,16.26012144778899,0.0,,,,,,,,,,,,,,,,,74.60734875437069,,,,,,,moving averages are stacked bearishly | short risk/reward 2.11,short squeezes can move quickly against the setup,57.65,59.65,53.44,moving averages are stacked bearishly,82.0,moving averages are stacked bearishly.
2026-06-29:WBD:SHORT:5,2026-06-29,2026-06-29T14:07:03.327331+00:00,5,SHORT,WBD,27.0,94.24,89.65,,,,,,,,,,80.0,11.87261854987276,-33.09265869421499,,,,,,,,,,,,,,,,,79.3306079103917,,,,,,,moving averages are stacked bearishly | short risk/reward 1.53,short squeezes can move quickly against the setup,27.0,27.7,25.91,moving averages are stacked bearishly,82.0,moving averages are stacked bearishly.
2026-07-24:DLR:SHORT:1,2026-07-24,2026-07-24T18:28:13.436267+00:00,1,SHORT,DLR,203.52,100.0,100.0,,,,,,,,,,80.0,36.09036089913104,0.0,,,,,,,,,,,,,,,,,53.738210745075286,,,,,,,moving averages are stacked bearishly | short risk/reward 3.76,short squeezes can move quickly against the setup,203.52,212.16,171.03,moving averages are stacked bearishly,82.0,moving averages are stacked bearishly.
2026-07-24:EMR:SHORT:2,2026-07-24,2026-07-24T18:28:13.436267+00:00,2,SHORT,EMR,148.27,100.0,98.25,,,,,,,,,,80.0,17.384732845569683,0.0,,,,,,,,,,,,,,,,,70.58406464908421,,,,,,,moving averages are stacked bearishly | short risk/reward 3.25,short squeezes can move quickly against the setup,148.27,154.47,128.13,moving averages are stacked bearishly,82.0,moving averages are stacked bearishly.
2026-07-24:STX:SHORT:3,2026-07-24,2026-07-24T18:28:13.436267+00:00,3,SHORT,STX,874.08,95.6,90.5,,,,,,,,,,50.0,-66.46703555735472,0.0,,,,,,,,,,,,,,,,,26.48077725694713,,,,,,,moving averages are stacked bearishly | short risk/reward 1.70,short squeezes can move quickly against the setup,874.08,979.47,694.64,moving averages are stacked bearishly,82.0,moving averages are stacked bearishly.
2026-07-24:DD:SHORT:4,2026-07-24,2026-07-24T18:28:13.436267+00:00,4,SHORT,DD,138.06,92.8,88.75,,,,,,,,,,50.0,8.245539058035101,0.0,,,,,,,,,,,,,,,,,68.7807391770466,,,,,,,moving averages are stacked bearishly | short risk/reward 1.35,short squeezes can move quickly against the setup,138.06,143.17,131.14,moving averages are stacked bearishly,82.0,moving averages are stacked bearishly.
2026-08-07:SWKS:BULL:1,2026-08-07,2026-08-07T14:48:19.137637+00:00,1,BULL,SWKS,68.4000015258789,61.972087412414616,79.90439564981853,71.94124463665952,38.2212693480335,62.17453977012865,45.03729544635824,49.22014260249559,41.4560143626571,84.93711473906507,90.0,0.0,80.0,62.18197672103253,0.0,30.7656318980736,51.45815067748483,44.297440849831,44.297440849831,42.098360655737714,24.77483244317035,73.76249164736859,80.01677377300173,50.0,63.25,55.09480841268647,61.57495838223237,78.0,88.0,0.0,0.0,48.31578470384509,,RISK_ON,BREADTH_STRONG,67.3800581395349,0.2,71.60192984898111,high-quality swing setup | constructive trading pattern | accumulation on volume,news sentiment is not supportive,68.4,63.74,85.18,price is pulling back toward an anchored VWAP support area,0.0,no strong bearish swing pattern confirmed
2026-08-07:PNC:BULL:2,2026-08-07,2026-08-07T14:48:19.137637+00:00,2,BULL,PNC,252.27999877929688,63.92277206224889,76.31799828018629,70.51285432675968,43.99821345238524,67.920661086135,52.864800854053286,50.33233106504196,38.0,77.28284514301053,33.25,0.0,100.0,0.4957897964749103,0.0,50.323151411301566,68.46698101589189,47.866881951919616,47.866881951919616,77.39355151062149,43.91199890006572,65.41058044973094,26.08854169649531,52.5,73.29020011347262,55.09480841268647,62.25970793714132,81.5,48.0,0.0,0.0,80.36396264487774,,RISK_ON,BREADTH_STRONG,67.3800581395349,0.3,60.953341805300695,constructive trading pattern | positive analyst revisions | high-quality swing setup,news sentiment is not supportive,252.28,246.14,260.47,pullback buy near rising 20-day support,0.0,no strong bearish swing pattern confirmed
2026-08-07:RKLB:SHORT:3,2026-08-07,2026-08-07T14:48:19.137637+00:00,3,SHORT,RKLB,80.32,100.0,95.05,,,,,,,,,,50.0,-8.642171542738385,13.383546588009844,,,,,,,,,,,,,,,,,27.367981502908616,,,,,,,moving averages are stacked bearishly | short risk/reward 2.61,short squeezes can move quickly against the setup,80.32,88.81,58.2,moving averages are stacked bearishly,82.0,moving averages are stacked bearishly.
2026-08-07:ADI:SHORT:4,2026-08-07,2026-08-07T14:48:19.137637+00:00,4,SHORT,ADI,389.35,96.08,90.8,,,,,,,,,,50.0,-12.192312241110336,0.0,,,,,,,,,,,,,,,,,64.09939238393817,,,,,,,moving averages are stacked bearishly | short risk/reward 1.76,short squeezes can move quickly against the setup,389.35,410.14,352.73,moving averages are stacked bearishly,82.0,moving averages are stacked bearishly.
2026-08-07:CIEN:SHORT:5,2026-08-07,2026-08-07T14:48:19.137637+00:00,5,SHORT,CIEN,401.0,95.76,90.6,,,,,,,,,,50.0,-69.04234572738221,0.0,,,,,,,,,,,,,,,,,31.029937972451684,,,,,,,moving averages are stacked bearishly | short risk/reward 1.72,short squeezes can move quickly against the setup,401.0,446.09,323.29,moving averages are stacked bearishly,82.0,moving averages are stacked bearishly.
2026-08-07:ARM:SHORT:6,2026-08-07,2026-08-07T14:48:19.137637+00:00,6,SHORT,ARM,281.17,95.68,90.55,,,,,,,,,,50.0,-69.50027275613391,-81.8635222954006,,,,,,,,,,,,,,,,,24.0,,,,,,,moving averages are stacked bearishly | short risk/reward 1.71,short squeezes can move quickly against the setup,281.17,317.36,219.39,moving averages are stacked bearishly,82.0,moving averages are stacked bearishly.
2026-08-07:CDNS:SHORT:7,2026-08-07,2026-08-07T14:48:19.137637+00:00,7,SHORT,CDNS,344.75,92.64,88.65,,,,,,,,,,50.0,-55.53617268809303,0.0,,,,,,,,,,,,,,,,,61.327626804409896,,,,,,,moving averages are stacked bearishly | short risk/reward 1.33,short squeezes can move quickly against the setup,344.75,364.86,317.93,moving averages are stacked bearishly,82.0,moving averages are stacked bearishly.
2026-08-10:APA:BULL:1,2026-08-10,2026-08-10T06:34:00.298376+00:00,1,BULL,APA,37.630001068115234,69.66261308746871,84.51044807526182,74.79016233071239,54.86375716030464,73.2952610958011,52.287421801860766,43.32061068702287,38.81198511825666,81.97904494680844,42.0,50.0,100.0,61.40089465132845,0.0,39.578275915666055,84.84346330874025,40.19615119546201,40.19615119546201,66.53782836783101,85.74272941719866,71.03890919825864,61.183621180260886,52.5,69.11522581093323,64.46539761310385,61.640151475855625,79.33333333333333,48.0,0.0,0.0,61.53107377545043,,RISK_ON,BREADTH_STRONG,68.05852941176471,0.0,64.98398089463294,improving fundamentals | bullish options flow | high-quality swing setup,no major model risk flagged,37.63,35.45,41.29,pullback is holding a 38-50% retracement zone,0.0,no strong bearish swing pattern confirmed
2026-08-10:WAB:BULL:2,2026-08-10,2026-08-10T06:34:00.298376+00:00,2,BULL,WAB,291.8099975585937,69.08131563411615,84.41419653286997,72.46077060232155,56.95623266963643,73.01431083125296,44.07671164536963,49.63248992311078,39.79839384136056,82.23814133593753,66.75,50.0,100.0,53.36482508208415,0.0,39.23711667190758,44.00243741804097,44.91105367188688,44.91105367188688,71.53358941527955,68.95824607396108,97.08408357699427,50.92421484673945,50.0,34.5,64.46539761310385,62.09772411370021,83.30287595734777,24.0,0.0,0.0,60.28430835293343,,RISK_ON,BREADTH_STRONG,68.05852941176471,0.0,60.16421771475169,accumulation on volume | constructive trading pattern | high-quality swing setup,no major model risk flagged,291.81,284.98,310.02,pullback buy near rising 20-day support,0.0,no strong bearish swing pattern confirmed
2026-08-10:FOXA:BULL:3,2026-08-10,2026-08-10T06:34:00.298376+00:00,3,BULL,FOXA,64.02999877929688,68.87475557974787,84.19125878974255,74.21738912913897,58.29389834621752,66.35703677834591,53.33159283078455,54.916310903300186,31.16726534436981,84.19472648156983,47.0,50.0,80.0,86.34705229946569,0.0,52.103951934251896,82.04758613519446,52.5,52.5,62.07499840931045,51.82550697755963,85.25729442910112,76.16525900089474,52.5,61.0,64.46539761310385,61.62892123630942,77.0,40.0,0.0,0.0,62.53467365064688,,RISK_ON,BREADTH_STRONG,68.05852941176471,0.0,66.08122651917252,accumulation on volume | high-quality swing setup | bullish options flow,no major model risk flagged,64.03,61.29,69.18,breakout above a 20-day range on above-average volume,0.0,no strong bearish swing pattern confirmed
2026-08-10:ZS:BULL:4,2026-08-10,2026-08-10T06:34:00.298376+00:00,4,BULL,ZS,168.67999267578125,68.53923630200627,82.34977763891133,74.24900023433777,56.13944340862816,67.30138407492734,54.59109010446552,57.83836416747808,36.58904434432058,82.33984156898993,52.25,50.0,80.0,100.0,0.0,37.305681478287376,72.1357447267579,43.95610742131102,43.95610742131102,71.90223228286663,66.95877106608934,76.18559152110747,46.368899411864135,50.0,69.37551495288065,64.46539761310385,61.5894603322875,76.0,48.0,0.0,0.0,50.66932588859745,24.0,RISK_ON,BREADTH_STRONG,68.05852941176471,0.0,67.76528407391437,high-quality swing setup | accumulation on volume | constructive trading pattern,no major model risk flagged,168.68,157.89,191.25,trend continuation after a shallow consolidation,0.0,no strong bearish swing pattern confirmed
2026-08-10:EMR:BULL:5,2026-08-10,2026-08-10T06:34:00.298376+00:00,5,BULL,EMR,158.25999450683594,68.71522099113518,75.96636363301096,74.30002958652163,53.96937024094287,70.7790829377649,43.07721956592288,55.10802370785801,42.17847566608648,84.1172435219083,33.25,50.0,100.0,64.56367560936579,0.0,40.495986439106304,93.33758801263988,40.9981690390408,40.9981690390408,68.62591966369905,73.41363510136074,80.89802342682718,47.12450123911818,52.5,40.092011994054914,64.46539761310385,62.20524935484513,89.0,80.0,0.0,0.0,58.72925940877541,,RISK_ON,BREADTH_STRONG,68.05852941176471,0.0,70.86707499265775,bullish options flow | constructive trading pattern | high-quality swing setup,no major model risk flagged,158.26,150.41,168.72,price is pulling back toward an anchored VWAP support area,0.0,no strong bearish swing pattern confirmed
2026-08-10:COHR:SHORT:6,2026-08-10,2026-08-10T06:34:00.298376+00:00,6,SHORT,COHR,379.13,100.0,97.35,,,,,,,,,,80.0,78.96691235779294,0.0,,,,,,,,,,,,,,,,,16.5,,,,,,,moving averages are stacked bearishly | short risk/reward 3.07,short squeezes can move quickly against the setup,379.13,430.68,220.68,moving averages are stacked bearishly,82.0,moving averages are stacked bearishly.
2026-08-10:RKLB:SHORT:7,2026-08-10,2026-08-10T06:34:00.298376+00:00,7,SHORT,RKLB,82.83,100.0,96.2,,,,,,,,,,50.0,5.835184428414214,19.717288247050213,,,,,,,,,,,,,,,,,27.92485916983568,,,,,,,moving averages are stacked bearishly | short risk/reward 2.84,short squeezes can move quickly against the setup,82.83,91.49,58.2,moving averages are stacked bearishly,82.0,moving averages are stacked bearishly.
2026-08-10:CIEN:SHORT:8,2026-08-10,2026-08-10T06:34:00.298376+00:00,8,SHORT,CIEN,412.39,97.84,91.9,,,,,,,,,,50.0,-57.65924754960591,0.0,,,,,,,,,,,,,,,,,32.76914091973505,,,,,,,moving averages are stacked bearishly | short risk/reward 1.98,short squeezes can move quickly against the setup,412.39,457.48,323.29,moving averages are stacked bearishly,82.0,moving averages are stacked bearishly.
2026-08-10:ADI:SHORT:9,2026-08-10,2026-08-10T06:34:00.298376+00:00,9,SHORT,ADI,389.93,96.24,90.9,,,,,,,,,,50.0,-12.43736281980498,0.0,,,,,,,,,,,,,,,,,64.00537675392138,,,,,,,moving averages are stacked bearishly | short risk/reward 1.78,short squeezes can move quickly against the setup,389.93,410.82,352.73,moving averages are stacked bearishly,82.0,moving averages are stacked bearishly.
2026-08-10:ARM:SHORT:10,2026-08-10,2026-08-10T06:34:00.298376+00:00,10,SHORT,ARM,282.57,95.92,90.7,,,,,,,,,,50.0,-68.321408845012,-71.79192166450355,,,,,,,,,,,,,,,,,24.0,,,,,,,moving averages are stacked bearishly | short risk/reward 1.74,short squeezes can move quickly against the setup,282.57,318.79,219.39,moving averages are stacked bearishly,82.0,moving averages are stacked bearishly.
2026-08-11:TPR:BULL:1,2026-08-11,2026-08-11T14:49:33.008901+00:00,1,BULL,TPR,163.3699951171875,65.83664120489634,73.6941396311929,74.78802077252189,48.49955557959859,67.76408805124578,49.55505051666762,48.2582837723025,69.38745902937805,82.78221528201988,33.25,0.0,100.0,95.55159476478954,0.0,40.398013107601415,50.51383378054764,72.5,72.5,65.00999357225288,63.47289711894393,72.60291201754444,56.36420949783646,50.0,48.27551766609915,45.90653390712687,61.88746046634721,89.0,48.0,0.0,0.0,54.41192623327482,2.0,RISK_ON,BREADTH_NEUTRAL,64.40929577464789,0.3,67.58627026273928,constructive trading pattern | high-quality swing setup | accumulation on volume,news sentiment is not supportive,163.37,156.63,172.35,trend continuation after a shallow consolidation,0.0,no strong bearish swing pattern confirmed
2026-08-11:BAC:BULL:2,2026-08-11,2026-08-11T14:49:33.008901+00:00,2,BULL,BAC,63.85499954223633,63.00644978268531,69.91068658319068,70.85142259157452,43.8879387565894,68.23499787608378,48.42795608735166,50.84238960225497,51.06735160649539,81.40778033220289,33.25,0.0,100.0,18.769399510295493,0.3724161898485789,41.79658482261945,54.95083972718325,45.88029401470073,45.88029401470073,76.02386699057023,44.71173167572467,65.8960997652525,22.12507944614666,52.5,74.69375311421575,61.20853846860379,62.8763434138717,89.0,80.0,0.0,0.0,73.82440519128596,,RISK_ON,BREADTH_NEUTRAL,64.40929577464789,0.3,67.49753420440314,constructive trading pattern | high-quality swing setup | positive analyst revisions,news sentiment is not supportive,63.85,62.41,65.78,pullback buy near rising 20-day support,0.0,no strong bearish swing pattern confirmed
2026-08-11:ADI:SHORT:3,2026-08-11,2026-08-11T14:49:33.008901+00:00,3,SHORT,ADI,393.01,98.0,92.0,,,,,,,,,,50.0,-7.588578785828581,0.0,,,,,,,,,,,,,,,,,65.26600211150996,,,,,,,moving averages are stacked bearishly | short risk/reward 2.00,short squeezes can move quickly against the setup,393.01,413.17,352.73,moving averages are stacked bearishly,82.0,moving averages are stacked bearishly.
2026-08-11:AMAT:SHORT:4,2026-08-11,2026-08-11T14:49:33.008901+00:00,4,SHORT,AMAT,535.98,97.92,91.95,,,,,,,,,,50.0,-58.03914690522433,0.0,,,,,,,,,,,,,,,,,38.58860995894094,,,,,,,moving averages are stacked bearishly | short risk/reward 1.99,short squeezes can move quickly against the setup,535.98,589.01,430.29,moving averages are stacked bearishly,82.0,moving averages are stacked bearishly.
2026-08-11:ARM:SHORT:5,2026-08-11,2026-08-11T14:49:33.008901+00:00,5,SHORT,ARM,269.8,93.44,89.15,,,,,,,,,,50.0,-28.13234815298905,-68.22994368295542,,,,,,,,,,,,,,,,,24.0,,,,,,,moving averages are stacked bearishly | short risk/reward 1.43,short squeezes can move quickly against the setup,269.8,305.08,219.39,moving averages are stacked bearishly,82.0,moving averages are stacked bearishly.
2026-08-11:INTC:SHORT:6,2026-08-11,2026-08-11T14:49:33.008901+00:00,6,SHORT,INTC,97.16,93.28,89.05,,,,,,,,,,50.0,-57.09658139096247,-68.22994368295542,,,,,,,,,,,,,,,,,26.80753368916234,,,,,,,moving averages are stacked bearishly | short risk/reward 1.41,short squeezes can move quickly against the setup,97.16,108.04,81.79,moving averages are stacked bearishly,82.0,moving averages are stacked bearishly.
2026-08-12:GEV:SHORT:1,2026-08-12,2026-08-12T14:58:15.019539+00:00,1,SHORT,GEV,1037.59,100.0,93.7,,,,,,,,,,80.0,-16.509541774586967,0.0,,,,,,,,,,,,,,,,,51.98152065805347,,,,,,,moving averages are stacked bearishly | short risk/reward 2.34,short squeezes can move quickly against the setup,1037.59,1115.45,855.57,moving averages are stacked bearishly,82.0,moving averages are stacked bearishly.
2026-08-12:KLAC:SHORT:2,2026-08-12,2026-08-12T14:58:15.019539+00:00,2,SHORT,KLAC,206.04,96.8,91.25,,,,,,,,,,50.0,-49.254934992883534,0.0,,,,,,,,,,,,,,,,,36.35660582209053,,,,,,,moving averages are stacked bearishly | short risk/reward 1.85,short squeezes can move quickly against the setup,206.04,225.59,169.81,moving averages are stacked bearishly,82.0,moving averages are stacked bearishly.
2026-08-12:GS:SHORT:3,2026-08-12,2026-08-12T14:58:15.019539+00:00,3,SHORT,GS,1049.27,95.04,90.15,,,,,,,,,,50.0,-52.74553639199115,0.0,,,,,,,,,,,,,,,,,63.64887349603635,,,,,,,moving averages are stacked bearishly | short risk/reward 1.63,short squeezes can move quickly against the setup,1049.27,1097.71,970.14,moving averages are stacked bearishly,82.0,moving averages are stacked bearishly.
2026-08-12:ARM:SHORT:4,2026-08-12,2026-08-12T14:58:15.019539+00:00,4,SHORT,ARM,268.3,92.64,88.65,,,,,,,,,,50.0,-23.856011294221435,-24.116576102091347,,,,,,,,,,,,,,,,,24.0,,,,,,,moving averages are stacked bearishly | short risk/reward 1.33,short squeezes can move quickly against the setup,268.3,305.19,219.39,moving averages are stacked bearishly,82.0,moving averages are stacked bearishly.
2026-08-12:CAT:SHORT:5,2026-08-12,2026-08-12T14:58:15.019539+00:00,5,SHORT,CAT,862.22,90.32,87.2,,,,,,,,,,50.0,-35.734941748636395,0.0,,,,,,,,,,,,,,,,,50.02086506265852,,,,,,,moving averages are stacked bearishly | short risk/reward 1.04,short squeezes can move quickly against the setup,862.22,945.13,776.0,moving averages are stacked bearishly,82.0,moving averages are stacked bearishly.
2026-08-13:HOOD:SHORT:1,2026-08-13,2026-08-13T14:51:14.914211+00:00,1,SHORT,HOOD,99.68,100.0,99.7,,,,,,,,,,80.0,-49.16063361182738,-10.309195571614184,,,,,,,,,,,,,,,,,52.36904853842522,,,,,,,moving averages are stacked bearishly | short risk/reward 3.54,short squeezes can move quickly against the setup,99.68,107.09,73.45,moving averages are stacked bearishly,82.0,moving averages are stacked bearishly.
2026-08-13:MU:SHORT:2,2026-08-13,2026-08-13T14:51:14.914211+00:00,2,SHORT,MU,950.79,96.88,91.3,,,,,,,,,,50.0,37.93285773925525,12.582244757739858,,,,,,,,,,,,,,,,,26.419539955032224,,,,,,,moving averages are stacked bearishly | short risk/reward 1.86,short squeezes can move quickly against the setup,950.79,1065.54,737.88,moving averages are stacked bearishly,82.0,moving averages are stacked bearishly.
2026-08-13:AMD:SHORT:3,2026-08-13,2026-08-13T14:51:14.914211+00:00,3,SHORT,AMD,495.27,93.12,88.95,,,,,,,,,,50.0,-24.924969879925428,12.582244757739858,,,,,,,,,,,,,,,,,36.223659306848965,,,,,,,moving averages are stacked bearishly | short risk/reward 1.39,short squeezes can move quickly against the setup,495.27,546.36,424.03,moving averages are stacked bearishly,82.0,moving averages are stacked bearishly.
2026-08-14:HWM:BULL:1,2026-08-14,2026-08-14T14:44:55.761755+00:00,1,BULL,HWM,283.3500061035156,66.57313707605392,83.25675918372515,66.92196057472903,57.81319613595394,74.18036924797568,43.15007182896413,52.6709657522061,56.193364542189485,79.9574654441043,72.0,50.0,100.0,-3.778194990594952,0.0,38.09855315661604,31.889716083786976,42.979509210901256,42.979509210901256,83.70786923958958,68.7779353634293,47.93858253465767,32.45912942618126,52.5,71.81474513168601,55.72223344279961,62.41614117426326,75.33333333333333,80.0,0.0,0.0,68.91753178621781,82.0,RISK_ON,BREADTH_NEUTRAL,64.34900763358777,0.0,65.62156303353618,positive analyst revisions | high-quality swing setup | constructive trading pattern,no major model risk flagged,283.35,274.14,309.85,pullback buy near rising 20-day support,0.0,no strong bearish swing pattern confirmed
2026-08-14:GM:BULL:2,2026-08-14,2026-08-14T14:44:55.761755+00:00,2,BULL,GM,86.67620086669922,68.84716290125444,80.10936276016486,70.55922254653568,62.28882882089162,71.77211808124115,49.63831413220457,51.661071883319785,49.16475011375406,78.82157260994424,74.25,50.0,100.0,45.641930323133465,0.0,30.9546734269568,33.67641015338769,55.58706172658295,55.58706172658295,81.52904014229594,49.06582823198611,68.60480835150034,38.12032169057873,50.0,38.30808110532482,55.72223344279961,62.18043169612549,81.13335426688418,16.0,0.0,0.0,71.46095331297741,66.0,RISK_ON,BREADTH_NEUTRAL,64.34900763358777,0.0,57.77087844558285,positive analyst revisions | constructive trading pattern | high-quality swing setup,no major model risk flagged,86.68,84.93,91.85,pullback buy near rising 20-day support,0.0,no strong bearish swing pattern confirmed
2026-08-14:CVX:BULL:3,2026-08-14,2026-08-14T14:44:55.761755+00:00,3,BULL,CVX,200.44000244140625,68.41069411301442,77.07437107733767,72.47036613736665,53.22831511682037,76.61534319076047,69.89041319316935,50.49494949494946,56.9108515504877,83.01407452959931,33.25,50.0,100.0,10.777463077330962,25.10788070912984,35.212349565494804,78.48569222922247,43.12214629031726,43.12214629031726,69.22163049970138,95.1119614330277,68.4532285955776,33.82867269806065,52.5,64.02381094548996,58.492398569445726,62.81144910766086,75.0,0.0,0.0,0.0,73.95309848420025,76.0,RISK_ON,BREADTH_NEUTRAL,64.34900763358777,0.0,52.56892720907456,improving fundamentals | high-quality swing setup | bullish options flow,no major model risk flagged,200.44,193.26,210.01,price is pulling back toward an anchored VWAP support area,0.0,no strong bearish swing pattern confirmed
2026-08-14:MPC:BULL:4,2026-08-14,2026-08-14T14:44:55.761755+00:00,4,BULL,MPC,357.5249938964844,67.13839954491671,74.88199686585283,70.26076781461417,54.36846170415088,73.80028334230184,50.77990325224977,50.11768002241528,43.9192540120942,84.0901452698671,33.25,50.0,100.0,47.78548532269933,0.0,32.373182748219286,45.93813176698448,53.76499853178302,53.76499853178302,62.15563712650458,91.63819188749646,69.00296746296608,41.4365755076741,52.5,49.0,55.72223344279961,62.3126657284107,85.33333333333333,80.0,0.0,0.0,56.874653692381614,80.0,RISK_ON,BREADTH_NEUTRAL,64.34900763358777,0.0,69.20257053661341,improving fundamentals | constructive trading pattern | high-quality swing setup,no major model risk flagged,357.52,338.61,382.74,trend continuation after a shallow consolidation,0.0,no strong bearish swing pattern confirmed
2026-08-14:FOXA:BULL:5,2026-08-14,2026-08-14T14:44:55.761755+00:00,5,BULL,FOXA,68.51000213623047,67.64314409025573,72.27307832996001,72.15941484296023,62.29375101854332,62.14543861222783,77.63102444878668,62.94117647058827,40.71604278074865,78.8056950825656,33.25,50.0,100.0,70.42696809248416,0.0,44.25813994104917,33.590385634631566,55.58970694625674,55.58970694625674,65.71932141034408,51.82550697755963,73.94865574634997,80.5434402557332,50.0,66.75,55.72223344279961,61.64495955876095,76.0,96.0,0.0,0.0,51.78696567373922,75.0,RISK_ON,BREADTH_NEUTRAL,64.34900763358777,0.0,74.29492960398876,high-quality swing setup | strong opening activity | constructive trading pattern,no major model risk flagged,68.51,65.36,72.7,trend continuation after a shallow consolidation,0.0,no strong bearish swing pattern confirmed
2026-08-14:IBKR:SHORT:6,2026-08-14,2026-08-14T14:44:55.761755+00:00,6,SHORT,IBKR,91.36,100.0,95.4,,,,,,,,,,80.0,-19.48737356993357,0.0,,,,,,,,,,,,,,,,,65.85200377661707,,,,,,,moving averages are stacked bearishly | short risk/reward 2.68,short squeezes can move quickly against the setup,91.36,95.95,79.04,moving averages are stacked bearishly,82.0,moving averages are stacked bearishly.
2026-08-14:WMB:SHORT:7,2026-08-14,2026-08-14T14:44:55.761755+00:00,7,SHORT,WMB,73.98,99.12,92.7,,,,,,,,,,80.0,-19.983150325289635,0.0,,,,,,,,,,,,,,,,,74.656924046483,,,,,,,moving averages are stacked bearishly | short risk/reward 2.14,short squeezes can move quickly against the setup,73.98,76.54,68.52,moving averages are stacked bearishly,82.0,moving averages are stacked bearishly.
2026-08-14:KLAC:SHORT:8,2026-08-14,2026-08-14T14:44:55.761755+00:00,8,SHORT,KLAC,203.57,97.2,91.5,,,,,,,,,,50.0,-45.64610039060041,0.0,,,,,,,,,,,,,,,,,45.00850420548012,,,,,,,moving averages are stacked bearishly | short risk/reward 1.90,short squeezes can move quickly against the setup,203.57,221.38,169.81,moving averages are stacked bearishly,82.0,moving averages are stacked bearishly.
2026-08-14:AMD:SHORT:9,2026-08-14,2026-08-14T14:44:55.761755+00:00,9,SHORT,AMD,503.52,95.2,90.25,,,,,,,,,,50.0,-16.24515299382412,7.191582991473133,,,,,,,,,,,,,,,,,40.35009648566005,,,,,,,moving averages are stacked bearishly | short risk/reward 1.65,short squeezes can move quickly against the setup,503.52,551.76,424.03,moving averages are stacked bearishly,82.0,moving averages are stacked bearishly.
2026-08-14:CAT:SHORT:10,2026-08-14,2026-08-14T14:44:55.761755+00:00,10,SHORT,CAT,864.36,90.8,87.5,,,,,,,,,,50.0,-32.20286308135678,0.0,,,,,,,,,,,,,,,,,57.35627669217657,,,,,,,moving averages are stacked bearishly | short risk/reward 1.10,short squeezes can move quickly against the setup,864.36,944.43,776.0,moving averages are stacked bearishly,82.0,moving averages are stacked bearishly.
2026-08-17:GM:BULL:1,2026-08-17,2026-08-17T05:53:41.744190+00:00,1,BULL,GM,86.7699966430664,70.32426547224627,81.32722753149145,73.77586376292163,61.14150606927151,71.5566605822618,49.02098341071503,51.661071883319785,54.56146575448519,78.9338301361522,72.25,50.0,100.0,46.36379400726254,0.0,35.62741170045642,77.5014187524792,55.587061726582945,55.587061726582945,81.58215076895497,49.06582823198611,73.47307115959278,40.51991316200003,52.5,38.28036558409279,60.81185055164417,62.17981556978652,81.13335426688418,40.0,0.0,0.0,71.32627387900783,64.0,RISK_ON,BREADTH_STRONG,65.09766129032259,0.0,62.25865513556751,positive analyst revisions | constructive trading pattern | high-quality swing setup,no major model risk flagged,86.77,85.01,91.85,pullback buy near rising 20-day support,0.0,no strong bearish swing pattern confirmed
2026-08-17:UAL:BULL:2,2026-08-17,2026-08-17T05:53:41.744190+00:00,2,BULL,UAL,125.33999633789062,69.58533895942273,79.66166924902394,72.7271853011225,62.075568933250224,69.05397597721877,51.27646301372019,51.038534302499244,47.08887825115679,76.86099810904005,100.0,50.0,100.0,3.5147017435778194,0.0,46.227151847202734,72.99678238604528,44.28207690959863,44.28207690959863,89.41538461538462,32.943999622228546,55.084611818275675,49.17311873768686,52.5,64.38274264511571,60.81185055164417,61.99617179976302,77.0,24.0,0.0,0.0,65.25897796058133,65.0,RISK_ON,BREADTH_STRONG,65.09766129032259,0.0,56.774960223128474,positive analyst revisions | constructive trading pattern | high-quality swing setup,no major model risk flagged,125.34,122.12,138.77,pullback buy near rising 20-day support,0.0,no strong bearish swing pattern confirmed
2026-08-17:CVX:BULL:3,2026-08-17,2026-08-17T05:53:41.744190+00:00,3,BULL,CVX,200.0,70.01543423178643,78.46053757447021,74.85235614299943,53.97451559167058,76.54913462178872,69.91428387824003,50.49494949494946,60.943267985746886,82.79885851305248,33.25,50.0,100.0,9.708725889148617,23.096875279562568,42.48945931286688,96.25419768637165,43.12214629031726,43.12214629031726,69.51111,95.1119614330277,77.79571379807476,36.8892661679783,52.5,63.98680948366707,66.43421685621813,62.80951603601002,75.0,24.0,20.0,0.0,73.75599212646483,74.0,RISK_ON,BREADTH_STRONG,65.09766129032259,0.0,59.55262740732949,bullish options flow | improving fundamentals | high-quality swing setup,no major model risk flagged,200.0,192.77,209.64,price is pulling back toward an anchored VWAP support area,0.0,no strong bearish swing pattern confirmed
2026-08-17:EMR:BULL:4,2026-08-17,2026-08-17T05:53:41.744190+00:00,4,BULL,EMR,163.1699981689453,68.5975479716561,75.90982030489958,74.88695676999707,54.800834862284546,68.34895282212497,49.462917235900626,51.66250532854272,34.72782466331438,84.312,33.25,50.0,100.0,76.85347665281816,0.0,37.34417075448036,91.00940219870856,43.42721119477234,43.42721119477234,68.54532118325221,62.174244596107634,80.42013637351923,47.859218251668636,52.5,31.61417902496669,60.81185055164417,62.21417161116166,85.40877338592848,72.0,0.0,0.0,60.90252105272758,79.0,RISK_ON,BREADTH_STRONG,65.09766129032259,0.0,70.23121928668537,bullish options flow | constructive trading pattern | high-quality swing setup,no major model risk flagged,163.17,155.71,173.11,trend continuation after a shallow consolidation,0.0,no strong bearish swing pattern confirmed
2026-08-17:FOXA:BULL:5,2026-08-17,2026-08-17T05:53:41.744190+00:00,5,BULL,FOXA,69.04000091552734,71.52015576001104,75.29235638659136,78.62502303961156,64.01687003372103,63.03129869297137,77.63102444878668,62.94117647058827,38.55764774044036,80.96098792686384,33.25,50.0,100.0,75.13140916399374,0.0,55.61201555913609,75.52432149652188,55.58970694625674,55.58970694625674,68.058413124352,51.82550697755963,97.75725697156744,85.87422603383625,50.0,63.0,60.81185055164417,61.654901623883255,80.66666666666667,100.0,0.0,0.0,51.6367308155374,73.0,RISK_ON,BREADTH_STRONG,65.09766129032259,0.0,75.91545646525634,accumulation on volume | high-quality swing setup | constructive trading pattern,no major model risk flagged,69.04,65.85,73.29,breakout above a 20-day range on above-average volume,0.0,no strong bearish swing pattern confirmed
2026-08-17:IBKR:SHORT:6,2026-08-17,2026-08-17T05:53:41.744190+00:00,6,SHORT,IBKR,92.06,100.0,95.95,,,,,,,,,,80.0,-15.515914601771597,0.0,,,,,,,,,,,,,,,,,65.65543279867347,,,,,,,moving averages are stacked bearishly | short risk/reward 2.79,short squeezes can move quickly against the setup,92.06,96.72,79.04,moving averages are stacked bearishly,82.0,moving averages are stacked bearishly.
2026-08-17:KLAC:SHORT:7,2026-08-17,2026-08-17T05:53:41.744190+00:00,7,SHORT,KLAC,203.72,97.03999999999999,91.4,,,,,,,,,,50.0,-45.18823425207436,0.0,,,,,,,,,,,,,,,,,44.52916209834264,,,,,,,moving averages are stacked bearishly | short risk/reward 1.88,short squeezes can move quickly against the setup,203.72,221.72,169.81,moving averages are stacked bearishly,82.0,moving averages are stacked bearishly.
2026-08-17:AMD:SHORT:8,2026-08-17,2026-08-17T05:53:41.744190+00:00,8,SHORT,AMD,514.39,96.72,91.2,,,,,,,,,,80.0,-5.1768073611213605,8.29105238498613,,,,,,,,,,,,,,,,,40.47135907665211,,,,,,,moving averages are stacked bearishly | short risk/reward 1.84,short squeezes can move quickly against the setup,514.39,563.56,424.03,moving averages are stacked bearishly,82.0,moving averages are stacked bearishly.
2026-08-17:TXN:SHORT:9,2026-08-17,2026-08-17T05:53:41.744190+00:00,9,SHORT,TXN,279.58,92.64,88.65,,,,,,,,,,50.0,-29.262462984137592,0.0,,,,,,,,,,,,,,,,,63.19860743395632,,,,,,,moving averages are stacked bearishly | short risk/reward 1.33,short squeezes can move quickly against the setup,279.58,294.96,259.08,moving averages are stacked bearishly,82.0,moving averages are stacked bearishly.
